,Dealer ID,Dealer Name,Assigned SM,Assigned SM,#DB Cancelled,#DB Closed,#DB Open,#DB Overdue,AUM,Total Outstanding Principal,Open Principal,Overdue Principal,Avg Loan Age,Avg Repayment Tenure,Avg DPD Age,Earliest Overdue Date,Status,Reason,Date of Blacklisting,Date of Hold,Mulitple Failure Date,# Of Inspections,# Inspections Passed,# Inspections Failed,Concentration,Max Open DPD,Min Open DPD,Latest Insection Date,Open Total Inspections,Open Passed Inspections,Open Failed Inspections,Open Confirmed Sold Units,Multiple Failures,Blacklisted Date,Remarks,Reassessed,Blacklist Stamp
,IF0001,EMC PRADO AUTO INC,Albert Dalupang,Albert Dalupang,0,3,0,0,0,0,0,0,27.33333333,,,,Hold,Finsso: Pending CL | Netbank: Expired CL,,45679,,0,0,0,0,0,0,,0,0,0,0,No
,IF0002,DCP-DASH CAR PRO TRADING CORP (Dashcarr Pro),Albert Dalupang,Albert Dalupang,0,214,4,24,16165041.65,16165041.65,1658481.32,14506560.33,79.35123967,,55.15517241,46142,Blacklisted,15 DPD,46142,,,369,225,144,0.05546587149,141,76,46283,156,91,65,16,Yes,,,,46190.65122
,IF0003,OKSCARS AUTOFINANCING CAR TRADING,Marah Luriely A. Villaruz,Elvira Ladea,0,2,0,0,0,0,0,0,28.5,,,,Hold,Finsso: Pending CL | Netbank: Expired CL,,45707,,0,0,0,0,0,0,,0,0,0,0,No
,IF0004,YOCARS AUTOMOTIVE CARE SERVICES,Albert Dalupang,Albert Dalupang,0,61,1,0,194400,194400,194400,0,45.85483871,,4.888888889,,Hold,Multiple Failure Audits,,46281.64259,46281.64259,53,30,23,0.0006670298568,0,0,46281,5,2,3,0,Yes
,IF0005,RANDALL AUTO TRADING,Albert Dalupang,Albert Dalupang,0,4,0,0,0,0,0,0,47.25,,,,Hold,Finsso: Pending CL | Netbank: Expired CL,,45798,,0,0,0,0,0,0,,0,0,0,0,No
,IF0006,MJM MOTOR SHOP,Marah Luriely A. Villaruz,Rhoyland Alagon,0,1,0,1,165000,165000,0,165000,534,,489.5,45402,Blacklisted,15 DPD,45402,,,4,0,4,0.0005661518846,881,881,45777,4,0,4,0,Yes,45420,Emailed Endorsement,,46190.65122
,IF0007,RAMP AUTO TRADING,Albert Dalupang,Albert Dalupang,2,83,3,2,2673510,2673510,1368600,1304910,48.31818182,,53,46184,Blacklisted,15 DPD,46184,,,61,56,5,0.009173410455,99,99,46188,4,4,0,0,No,,,46168,46199.04094
,IF0008,JAYJAY CAR TRADING,Albert Dalupang,Albert Dalupang,0,83,0,0,0,0,0,0,36.28915663,,31,,Hold,Finsso: Pending CL | Netbank: Expired CL,,45728,,12,5,7,0,0,0,,0,0,0,2,No
,IF0009,MIKMIK'S CAR TRADING,Albert Dalupang,Albert Dalupang,0,0,0,0,0,0,0,0,,,,,Open,Finsso: Open | Netbank: Expired CL,,45728,,0,0,0,0,0,0,,0,0,0,0,No
,IF0010,GARAGE888 AUTO TRADING,Albert Dalupang,Albert Dalupang,0,5,0,0,0,0,0,0,24.6,,,,Hold,Finsso: Pending CL | Netbank: Expired CL,,45828,,0,0,0,0,0,0,,0,0,0,0,No
,IF0011,DAVE AND MELODY VEHICLE TRADING (Formerly as D.M Cars),Albert Dalupang,Albert Dalupang,0,20,1,0,742000,742000,742000,0,41.9047619,,6,,Open,,,,,9,8,1,0.002545967869,0,0,,0,0,0,0,No
,IF0012,GCE VEHICLE TRADING (Formerly: LINIS SIKAT CARWASH & ACCESSORIES),Albert Dalupang,Zhesa Resurrecion,0,45,1,0,900000,900000,900000,0,50.32608696,,10,46282.61458,Open,,,,,55,25,30,0.003088101189,0,0,46260,1,1,0,1,No,,,46132.58958
,IF0013,DON/GIE 2ND HAND CAR TRADING,Albert Dalupang,Albert Dalupang,0,18,2,0,1000000,1000000,1000000,0,67.2,,4.5,,Open,,,,,28,23,5,0.003431223543,0,0,46268,2,2,0,2,No
,IF0014,QRA AUTOSALE AND AUTOWORKS ENTERPRISES CORP.,Albert Dalupang,Jerome Cacayan,0,6,0,0,0,0,0,0,82.16666667,,25.33333333,,Hold,Finsso: Pending CL | Netbank: Expired CL,,45771,,0,0,0,0,0,0,,0,0,0,0,No
,IF0015,CARMATRIO AUTO TRADING,Albert Dalupang,Albert Dalupang,0,7,0,0,0,0,0,0,61.71428571,,8.75,,Hold,Finsso: Pending CL | Netbank: Expired CL,,45771,,20,9,11,0,0,0,,0,0,0,0,No
,IF0016,VERSATILE AUTO SALES,Albert Dalupang,Albert Dalupang,0,63,0,0,0,0,0,0,47.66666667,,15.36363636,,Blacklisted,Manual,46006,,,100,88,12,0,0,0,,0,0,0,2,No,46006,Emailed Endorsement,,46190.65122
,IF0017,CROSSROAD 77,Malou Alfonso,Rose Batacan,0,83,0,0,0,0,0,0,43.12048193,,6.333333333,,Open,Finsso: Open | Netbank: Expired CL,,46255,,68,41,27,0,0,0,,0,0,0,0,No
,IF0018,LUCKY 323 CAR TRADING,Albert Dalupang,Albert Dalupang,0,6,1,0,366525,366525,366525,0,42.71428571,,,,Hold,Expired CL,,46170,,7,7,0,0.001257629209,0,0,46280,4,4,0,0,No
,IF0019,KAYKEES TRADING,Albert Dalupang,Albert Dalupang,0,0,0,0,0,0,0,0,,,,,Hold,Finsso: Pending CL | Netbank: Expired CL,,45779,,0,0,0,0,0,0,,0,0,0,0,No
,IF0020,PARE KOTSE CAR TRADING,Marah Luriely A. Villaruz,Elvira Ladea,0,4,0,0,0,0,0,0,28,,,,Hold,Finsso: Pending CL | Netbank: Expired CL,,45974,,0,0,0,0,0,0,,0,0,0,0,No
,IF0021,ARRONDAVIS AUTO TRADING,Malou Alfonso,Rose Batacan,0,65,0,8,3740700,3740700,0,3740700,80.98630137,,116.8571429,46000,Blacklisted,15 DPD,46000,,,117,49,68,0.01283517791,283,242,45972,3,2,1,2,No,46006,Emailed Endorsement,,46190.65122
,IF0022,CARR TIANGGE 2019 AUTO TRADING,Marah Luriely A. Villaruz,Rhoyland Alagon,0,0,0,0,0,0,0,0,,,,,Hold,Finsso: Pending CL | Netbank: Expired CL,,45811,,0,0,0,0,0,0,,0,0,0,0,No
,IF0023,ZABLAN AUTO EXCHANGE SERVICES,Albert Dalupang,Zhesa Resurrecion,0,2,0,0,0,0,0,0,54.5,,,,Hold,Finsso: Pending CL | Netbank: Expired CL,,45817,,4,4,0,0,0,0,,0,0,0,0,No
,IF0024,CAZA NUEVE TRADING,Albert Dalupang,Zhesa Resurrecion,0,0,0,0,0,0,0,0,,,,,Hold,Finsso: Pending CL | Netbank: Expired CL,,45828,,0,0,0,0,0,0,,0,0,0,0,No
,IF0025,823ERIC CAR TRADING,Albert Dalupang,Albert Dalupang,0,0,0,0,0,0,0,0,,,,,Hold,Finsso: Pending CL | Netbank: Expired CL,,45828,,0,0,0,0,0,0,,0,0,0,0,No
,IF0026,JB-MAUI AUTO TRADING,Marah Luriely A. Villaruz,Rhoyland Alagon,0,0,0,0,0,0,0,0,,,,,Hold,Finsso: Pending CL | Netbank: Expired CL,,45828,,0,0,0,0,0,0,,0,0,0,0,No
,IF0027,KEER GARAGE1 VEHICLE MAINTENANCE SERVICES,Marah Luriely A. Villaruz,Rhoyland Alagon,0,11,0,0,0,0,0,0,74.81818182,,1,,Open,Finsso: Open | Netbank: Expired CL,,46226,,11,9,2,0,0,0,,0,0,0,0,No
,IF0028,RAPHAEL ONLINE SHOP,Albert Dalupang,Zhesa Resurrecion,0,0,0,0,0,0,0,0,,,,,Hold,Finsso: Pending CL | Netbank: Expired CL,,45751,,0,0,0,0,0,0,,0,0,0,0,No
,IF0029,PMB CAR EXCHANGE,Malou Alfonso,Myrnalyn Bankingkito,3,163,4,5,3943929.07,3943929.07,1218089.07,2725840,72.45348837,,20.24924699,46167,Blacklisted,15 DPD,46167,,,303,175,128,0.01353250228,116,91,46276,26,14,12,27,Yes,,,45627.90556,46190.65122
,IF0030,NIX-ASH OTO PWESTO DISPLAY CENTER,Albert Dalupang,Zhesa Resurrecion,0,0,0,0,0,0,0,0,,,,,Hold,Finsso: Pending CL | Netbank: Expired CL,,45832,,0,0,0,0,0,0,,0,0,0,0,No
,IF0031,START N' GO CAR TRADING,Malou Alfonso,Myrnalyn Bankingkito,0,54,0,12,6261230,6261230,0,6261230,98.65151515,,41.81395349,46170,Blacklisted,15 DPD,46170,,,121,77,44,0.02148367979,113,94,46276,39,18,21,5,Yes,,,46058,46190.65122
,IF0032,MARCUS CAR ACCESSORIES AND DETAILING,Malou Alfonso,Rose Batacan,0,20,2,0,1041700,1041700,1041700,0,46.04545455,,6,,Open,,,,,16,11,5,0.003574305565,0,0,46274,2,1,1,0,No
,IF0033,AUTO PLANET TRADING PHILS INC.,Marah Luriely A. Villaruz,Rhoyland Alagon,0,56,0,0,0,0,0,0,61.48214286,,29,,Blacklisted,Manual,46006,,,109,53,56,0,0,0,,0,0,0,0,No,46006,Emailed Endorsement,,46190.65122
,IF0034,JSL CARS VEHICLE TRADING,Albert Dalupang,Zhesa Resurrecion,0,3,0,0,0,0,0,0,14,,,,Hold,Finsso: Pending CL | Netbank: Expired CL,,46063,,0,0,0,0,0,0,,0,0,0,0,No
,IF0035,CARZON3 AUTO TRADING,Albert Dalupang,Zhesa Resurrecion,0,35,2,0,539320,539320,539320,0,42.02702703,,4.5,,Open,,,,,33,23,10,0.001850527481,0,0,46279,6,3,3,0,No
,IF0036,KCY CAR TRADING,Albert Dalupang,Albert Dalupang,0,0,0,0,0,0,0,0,,,,,Hold,Finsso: Pending CL | Netbank: Expired CL,,45835,,0,0,0,0,0,0,,0,0,0,0,No
,IF0037,RT MANIAGO AUTO CENTER CORPORATION,Albert Dalupang,Zhesa Resurrecion,0,0,0,0,0,0,0,0,,,,,Hold,Finsso: Pending CL | Netbank: Expired CL,,45842,,0,0,0,0,0,0,,0,0,0,0,No
,IF0038,RNS AUTO TRADING,Albert Dalupang,Zhesa Resurrecion,0,20,0,0,0,0,0,0,49.7,,24.2,,Open,Finsso: Open | Netbank: Expired CL,,46155,,27,21,6,0,0,0,,0,0,0,0,No
,IF0039,BKG CAR TRADING,Marah Luriely A. Villaruz,Elvira Ladea,0,35,0,0,0,0,0,0,41.31428571,,7,,Hold,Expired CL,,46224,,25,15,10,0,0,0,,0,0,0,2,No,,,45614.66806
,IF0040,FASTWHEELS CAR AGENT SERVICES,Marah Luriely A. Villaruz,Rhoyland Alagon,0,18,0,0,0,0,0,0,25.22222222,,,,Hold,Expired CL,,46157,,7,6,1,0,0,0,,0,0,0,0,No
,IF0041,NEO'S AUTO TRADING,Albert Dalupang,Albert Dalupang,0,13,0,1,343000,343000,0,343000,107.7857143,,63.1,46009,Blacklisted,15 DPD,46009,,,38,24,14,0.001176909675,274,274,46027,4,0,4,0,Yes,46006,Emailed Endorsement,,46190.65122
,IF0042,RSALVADOR CAR TRADING,Marah Luriely A. Villaruz,Rhoyland Alagon,0,10,1,0,700000,700000,700000,0,26.72727273,,,,Open,,,,,2,2,0,0.00240185648,0,0,,0,0,0,0,No
,IF0043,ANDRAVEN CARS AUTO TRADING,Marah Luriely A. Villaruz,Rhoyland Alagon,0,3,0,0,0,0,0,0,22,,,,Hold,Finsso: Pending CL | Netbank: Expired CL,,46065,,1,1,0,0,0,0,,0,0,0,0,No
,IF0044,LAROZA CAR TRADING,Albert Dalupang,Zhesa Resurrecion,0,0,0,0,0,0,0,0,,,,,Hold,Finsso: Pending CL | Netbank: Expired CL,,45838,,0,0,0,0,0,0,,0,0,0,0,No
,IF0045,AUTO BOUTIQ AUTO TRADING,Marah Luriely A. Villaruz,Elvira Ladea,2,168,20,0,9295300,9295300,9295300,0,56.7287234,,8.013139205,46277.70208,Blacklisted,Locked by Timestamp,46263.04194,,,216,113,103,0.0318942522,5.297916667,5.297916667,46276,26,11,15,15,Yes,,,,46263.04194
,IF0046,PAPSTOGO MALABON AUTO CARE CENTER,Marah Luriely A. Villaruz,Rhoyland Alagon,0,0,0,0,0,0,0,0,,,,,Hold,Finsso: Pending CL | Netbank: Expired CL,,45877,,0,0,0,0,0,0,,0,0,0,0,No
,IF0047,KCL'S AUTO TRADING,Marah Luriely A. Villaruz,Elvira Ladea,0,66,0,0,0,0,0,0,35.53030303,,4.9,,Open,Finsso: Open | Netbank: Expired CL,,45987,,50,2,48,0,0,0,,0,0,0,0,No
,IF0048,TAURUS CAR EXCHANGE,,,0,3,0,0,0,0,0,0,28.33333333,,,,Hold,Finsso: Pending CL | Netbank: Expired CL,,45881,,0,0,0,0,0,0,,0,0,0,0,No
,IF0049,DM CARS NON-SPECIALIZED WHOLESALE TRADING(Former as DM QUALITY USED CARS),Marah Luriely A. Villaruz,Rhoyland Alagon,0,0,0,0,0,0,0,0,,,,,Hold,Finsso: Pending CL | Netbank: Expired CL,,45870,,0,0,0,0,0,0,,0,0,0,0,No
,IF0050,UGEAGI CAR TRADING,Marah Luriely A. Villaruz,Elvira Ladea,0,39,4,0,1313988,1313988,1313988,0,49.6744186,,5,,Open,,,,,58,42,16,0.004508586561,0,0,46282,12,10,2,2,No
,IF0051,HATCHBACK-MONSTER CAR DISPLAY CENTER,Marah Luriely A. Villaruz,Rhoyland Alagon,3,167,10,0,7513950,7513950,7513950,0,46.49152542,,6,,Open,,,,,102,86,16,0.02578204214,0,0,46274,7,5,2,7,No
,IF0052,AUTO-NEXUS CAR TRADING,Albert Dalupang,Albert Dalupang,0,48,4,0,12061000,12061000,12061000,0,56.84615385,,1,,Hold,Multiple Failure Audits,,46276.68425,46276.68425,86,61,25,0.04138398715,0,0,46282,21,9,12,0,Yes
,IF0053,TRIPLE R VEHICLE TRADING,Albert Dalupang,Albert Dalupang,0,0,0,0,0,0,0,0,,,,,Hold,Finsso: Pending CL | Netbank: Expired CL,,45901,,0,0,0,0,0,0,,0,0,0,0,No
,IF0054,SHV AUTOBASE,Malou Alfonso,Myrnalyn Bankingkito,0,10,1,0,300000,300000,300000,0,45.90909091,,1,,Open,,,,,8,6,2,0.001029367063,0,0,46282,2,1,1,0,No
,IF0055,R ZABLAN AUTO TRADING,Marah Luriely A. Villaruz,Rhoyland Alagon,0,99,18,0,5633673,5633673,5633673,0,63.56410256,,1.679861111,46281.72292,Open,Finsso: Expired CL | Netbank: Open,,46274,,279,245,34,0.01933039143,1.277083333,1.277083333,46275,45,43,2,0,No
,IF0056,ALTUS CARS FINANCIAL CONSULTANCY SERVICES,Albert Dalupang,Malou Alfonzo,0,37,0,20,7329830,7329830,0,7329830,253.5263158,,337.6857143,45694,Blacklisted,15 DPD,45694,,,272,69,203,0.02515028526,589,559,45895,228,44,184,0,Yes,,,,45694
,IF0057,1 G CAR AGENT SERVICES,Marah Luriely A. Villaruz,Elvira Ladea,0,10,0,0,0,0,0,0,48.7,,4,,Hold,Finsso: Pending CL | Netbank: Expired CL,,46157,,15,13,2,0,0,0,,0,0,0,0,No
,IF0058,RAMZO AUTO TRADING,Marah Luriely A. Villaruz,Rhoyland Alagon,0,0,0,0,0,0,0,0,,,,,Hold,Finsso: Pending CL | Netbank: Expired CL,,45917,,0,0,0,0,0,0,,0,0,0,0,No
,IF0059,1WAY CAR TRADING,Marah Luriely A. Villaruz,Rhoyland Alagon,0,8,0,0,0,0,0,0,9.875,,,,Open,Finsso: Expired CL | Netbank: Open,,46275,,0,0,0,0,0,0,,0,0,0,0,No
,IF0060,KOTSEKO CAR TRADING,Albert Dalupang,Zhesa Resurrecion,0,2,0,0,0,0,0,0,17.5,,,,Hold,Finsso: Pending CL | Netbank: Expired CL,,46157,,1,0,1,0,0,0,,0,0,0,0,No
,IF0061,PAULO AND DANNA AUTO TRADING,Malou Alfonso,Myrnalyn Bankingkito,0,36,0,1,668573.75,668573.75,0,668573.75,70.97297297,,38.42857143,46104,Blacklisted,15 DPD,46104,,,61,33,28,0.002294025991,179,179,46140,1,0,1,0,No,,,,46190.65122
,IF0062,AE AUTOS QUALITY PRE-OWNED CAR TRADING,Marah Luriely A. Villaruz,Elvira Ladea,0,0,0,0,0,0,0,0,,,,,Hold,Finsso: Pending CL | Netbank: Expired CL,,45910,,0,0,0,0,0,0,,0,0,0,0,No
,IF0063,G SQUAD CARPORT AUTO SHOP,Marah Luriely A. Villaruz,Elvira Ladea,0,1,0,0,0,0,0,0,9,,,,Hold,Finsso: Pending CL | Netbank: Expired CL,,45884,,0,0,0,0,0,0,,0,0,0,0,No
,IF0064,J8 CAR TRADING,Albert Dalupang,Zhesa Resurrecion,0,3,0,0,0,0,0,0,128.6666667,,46,,Blacklisted,Manual,46006,,,4,4,0,0,0,0,,0,0,0,0,No,46006,Emailed Endorsement,,46190.65122
,IF0065,MJO CAR TRADING,Marah Luriely A. Villaruz,Elvira Ladea,0,209,0,38,16859273.86,16859273.86,0,16859273.86,75.22267206,,90.75675676,46097,Blacklisted,15 DPD,46097,,,206,113,93,0.05784793739,186,155,46154,42,0,42,19,Yes,,,,46190.65122
,IF0066,AUTOCOTTO CAR TRADING,Malou Alfonso,Myrnalyn Bankingkito,1,42,1,3,1438200,1438200,324000,1114200,99.36956522,,39.66666667,46169,Blacklisted,15 DPD,46169,,,83,43,40,0.0049347857,114,102,46262,13,4,9,6,Yes,,,46058,46190.65122
,IF0067,DC CAR TRADING,Marah Luriely A. Villaruz,Rhoyland Alagon,0,39,3,1,1087020,1087020,706320,380700,50.20930233,,8.777777778,46282,Hold,Multiple Failure Audits,,46276.68425,46276.68425,50,33,17,0.003729808616,1,1,46283,14,8,6,3,Yes
,IF0068,RJDM AUTO CARE SERVICES,Albert Dalupang,Zhesa Resurrecion,1,21,2,0,782640,782640,782640,0,46.73913043,,,,Open,,,,,33,24,9,0.002685412794,0,0,46262,3,2,1,0,No
,IF0069,ONETEN CAR TRADING,Marah Luriely A. Villaruz,Rhoyland Alagon,0,9,2,0,970000,970000,970000,0,37.72727273,,,,Open,,,,,12,9,3,0.003328286837,0,0,46281,2,2,0,0,No
,IF0070,AUTO WEALTH MARKETING CONSULTANCY,Albert Dalupang,Malou Alfonzo,0,24,0,0,0,0,0,0,73.04166667,,62.5,,Hold,Finsso: Pending CL | Netbank: Expired CL,,46030,,91,41,50,0,0,0,,0,0,0,1,No
,IF0071,PRINCE CAR TRADING,Albert Dalupang,Zhesa Resurrecion,0,9,0,1,600000,600000,0,600000,94.1,,147.3333333,46007,Blacklisted,15 DPD,46007,,,12,4,8,0.002058734126,276,276,46034,1,0,1,3,No,,,,46190.65122
,IF0072,3BRODERS AUTOTRADE CAR TRADING,Malou Alfonso,Rose Batacan,0,1,0,0,0,0,0,0,40,,,,Hold,Finsso: Pending CL | Netbank: Expired CL,,45943,,1,1,0,0,0,0,,0,0,0,0,No
,IF0073,EIGHTY-NINE CAR TRADING,Marah Luriely A. Villaruz,Rhoyland Alagon,0,4,0,0,-0.002960000013,-0.002960000013,0,0,202.75,,284.5,,Blacklisted,Manual,45771,,,29,2,27,0,0,0,,0,0,0,2,No,45771,Emailed Endorsement,,46190.66594
,IF0074,A2E AUTO DISPLAY CENTER,Albert Dalupang,Zhesa Resurrecion,0,0,0,0,0,0,0,0,,,,,Hold,Finsso: Pending CL | Netbank: Expired CL,,45950,,0,0,0,0,0,0,,0,0,0,0,No
,IF0075,DEMCARS AUTO TRADING,Malou Alfonso,Myrnalyn Bankingkito,0,0,0,0,0,0,0,0,,,,,Hold,Finsso: Pending CL | Netbank: Expired CL,,45950,,0,0,0,0,0,0,,0,0,0,0,No
,IF0076,FCT ENTERPRISE,Marah Luriely A. Villaruz,Elvira Ladea,0,0,0,0,0,0,0,0,,,,,Hold,Finsso: Pending CL | Netbank: Expired CL,,45959,,0,0,0,0,0,0,,0,0,0,0,No
,IF0077,DOHCGARAGE AUTO TRADING,Marah Luriely A. Villaruz,Rhoyland Alagon,0,0,0,0,0,0,0,0,,,,,Hold,Finsso: Pending CL | Netbank: Expired CL,,45959,,0,0,0,0,0,0,,0,0,0,0,No
,IF0078,D.A.B. CAR TRADING,Albert Dalupang,Albert Dalupang,0,0,0,0,0,0,0,0,,,,,Hold,Finsso: Pending CL | Netbank: Expired CL,,45954,,0,0,0,0,0,0,,0,0,0,0,No
,IF0079,DANIEL CAR TRADING,Albert Dalupang,Albert Dalupang,0,0,0,0,0,0,0,0,,,,,Hold,Finsso: Pending CL | Netbank: Expired CL,,45959,,0,0,0,0,0,0,,0,0,0,0,No
,IF0080,CARBREEZY CAR TRADING,Albert Dalupang,Zhesa Resurrecion,0,9,0,0,0,0,0,0,24.88888889,,9,,Hold,Finsso: Pending CL | Netbank: Expired CL,,46157,,3,1,2,0,0,0,,0,0,0,0,No
,IF0081,D 3RD AUTODISPLAY AUTO SHOP,Albert Dalupang,Zhesa Resurrecion,2,181,0,27,8556086.858,8556086.858,0,8556086.858,86.85096154,,43.11764706,46091,Blacklisted,15 DPD,46091,,,398,296,102,0.02935784666,192,113,46231,103,57,46,5,Yes,,,,46190.65122
,IF0082,JERICO S. CRUZ-JSC AUTO TRADING,Marah Luriely A. Villaruz,Elvira Ladea,0,30,0,1,807000,807000,0,807000,37,,57.5,46177,Blacklisted,15 DPD,46177,,,22,18,4,0.002768997399,106,106,46184,3,3,0,0,No,,,,46195.66593
,IF0083,KAMCARS ENTERPRISE,Albert Dalupang,Albert Dalupang,0,0,0,0,0,0,0,0,,,,,Hold,Finsso: Pending CL | Netbank: Expired CL,,45959,,0,0,0,0,0,0,,0,0,0,0,No
,IF0084,KRT AUTO CARE SERVICES,Marah Luriely A. Villaruz,Rhoyland Alagon,0,0,0,0,0,0,0,0,,,,,Hold,Finsso: Pending CL | Netbank: Expired CL,,45978,,0,0,0,0,0,0,,0,0,0,0,No
,IF0085,BMQ CAR TRADING,Marah Luriely A. Villaruz,Elvira Ladea,0,2,0,0,0,0,0,0,55,,,,Hold,Finsso: Pending CL | Netbank: Expired CL,,46121,,3,3,0,0,0,0,,0,0,0,0,No
,IF0086,KENKENS CAR TRADING,Marah Luriely A. Villaruz,Rhoyland Alagon,0,0,0,0,0,0,0,0,,,,,Hold,Finsso: Pending CL | Netbank: Expired CL,,45978,,0,0,0,0,0,0,,0,0,0,0,No
,IF0087,RM GARAGE. USED GOODS TRADING,Marah Luriely A. Villaruz,Elvira Ladea,0,1,0,0,0,0,0,0,7,,,,Open,Finsso: Open | Netbank: Expired CL,,45978,,0,0,0,0,0,0,,0,0,0,0,No
,IF0088,LARKD CAR TRADING,Malou Alfonso,Candyce Aguete,3,9,2,0,797391,797391,797391,0,19.81818182,,,,Open,Finsso: Pending CLA Signature | Netbank: Open,,46064,,3,3,0,0.002736026772,0,0,,0,0,0,0,No
,IF0089,RAYMOND AUTO SHOP,Albert Dalupang,Albert Dalupang,0,5,0,0,0,0,0,0,95.2,,30.75,,Blacklisted,Manual,46006,,,11,5,6,0,0,0,,0,0,0,0,No,46006,Emailed Endorsement,,46190.65122
,IF0090,KARZ AUTO TRADING,Albert Dalupang,Zhesa Resurrecion,0,2,0,0,0,0,0,0,23,,,,Hold,Finsso: Pending CL | Netbank: Expired CL,,45989,,2,1,1,0,0,0,,0,0,0,0,No
,IF0091,CADIZ CAR TRADING,Albert Dalupang,Jerome Cacayan,0,0,0,0,0,0,0,0,,,,,Hold,Finsso: Pending CL | Netbank: Pending CLA Signature,,45629,,0,0,0,0,0,0,,0,0,0,0,No
,IF0092,AUTO D' VILLA,Albert Dalupang,Zhesa Resurrecion,0,5,0,0,0,0,0,0,107.6,,25.4,,Blacklisted,Manual,45944,,,26,21,5,0,0,0,,0,0,0,0,No,45944,Emailed Endorsement,,46190.66594
,IF0093,MACLOUIE CARS VEHICLE TRADING,Malou Alfonso,Rose Batacan,1,128,0,1,610000,610000,0,610000,57.5503876,,21.07894737,46162,Blacklisted,15 DPD,46162,,,189,80,109,0.002093046361,121,121,46224,5,1,4,6,No,,,,46190.65122
,IF0094,GONZAPCARS CAR TRADING,Marah Luriely A. Villaruz,Elvira Ladea,1,37,3,2,3244023.01,3244023.01,1880223.01,1363800,90.73809524,,20.45304784,46165,Blacklisted,15 DPD,46165,,,117,58,59,0.01113096813,118,85,46276,22,13,9,5,No,,,,46190.65122
,IF0095,MACABEBEST CAR SHOP,Albert Dalupang,Zhesa Resurrecion,0,0,0,0,0,0,0,0,,,,,Hold,Finsso: Pending CL | Netbank: Pending CLA Signature,,45631,,0,0,0,0,0,0,,0,0,0,0,No
,IF0096,VICTORYMIND CAR TRADING,Marah Luriely A. Villaruz,Rhoyland Alagon,0,38,4,0,1063611,1063611,1063611,0,66.88095238,,3,,Open,Finsso: Open | Netbank: Expired CL,,46225,,45,39,6,0.003649487104,0,0,46274,9,5,4,1,No
,IF0097,JEMM CAR TRADING,Malou Alfonso,Rose Batacan,0,114,0,17,10664444.2,10664444.2,0,10664444.2,93.76335878,,50.54347826,46132,Blacklisted,15 DPD,46132,,,283,220,63,0.03659209201,151,86,46217,49,27,22,0,Yes,,,,46190.65122
,IF0098,BRO'S AUTODEALERS AUTO TRADING,Albert Dalupang,Albert Dalupang,0,13,0,0,0,0,0,0,36.92307692,,,,Open,Finsso: Open | Netbank: Pending CLA Signature,,45666.70417,,10,8,2,0,0,0,,0,0,0,0,No
,IF0099,KELVEN CAR TRADING,Marah Luriely A. Villaruz,Rhoyland Alagon,0,0,0,0,0,0,0,0,,,,,Hold,Finsso: Pending CL | Netbank: Expired CL,,46044,,0,0,0,0,0,0,,0,0,0,0,No
,IF0100,EY7 CAR GARAHE VEHICLE TRADING,Albert Dalupang,Zhesa Resurrecion,0,0,0,0,0,0,0,0,,,,,Hold,Finsso: Pending CL | Netbank: Expired CL,,46043,,0,0,0,0,0,0,,0,0,0,0,No
,IF0101,ADDTOCAR CAR TRADING,Marah Luriely A. Villaruz,Rhoyland Alagon,0,18,2,0,1718000,1718000,1718000,0,45,,,,Open,,,,,10,8,2,0.005894842047,0,0,,0,0,0,0,No
,IF0102,XKK CAR TRADING,Marah Luriely A. Villaruz,Rhoyland Alagon,0,5,0,2,1350000,1350000,0,1350000,115,,175.6666667,46015,Blacklisted,15 DPD,46015,,,4,4,0,0.004632151783,268,246,,0,0,0,0,No,,,,46190.65122
,IF0103,JKARS CAR TRADING,Marah Luriely A. Villaruz,Rhoyland Alagon,0,21,0,3,2303000,2303000,0,2303000,92.70833333,,100.3636364,46007,Blacklisted,15 DPD,46007,,,13,12,1,0.00790210782,276,234,,0,0,0,0,No,,,,46190.65122
,IF0104,RIVERSIDE KOTSE DEPOT,Marah Luriely A. Villaruz,Elvira Ladea,0,0,0,0,0,0,0,0,,,,,Hold,Finsso: Pending CL | Netbank: Expired CL,,46045,,0,0,0,0,0,0,,0,0,0,0,No
,IF0105,RJG CAR TRADING (formerly Classix Car Trading),Marah Luriely A. Villaruz,Rhoyland Alagon,0,0,0,0,0,0,0,0,,,,,Hold,Finsso: Pending CL | Netbank: Expired CL,,46044,,0,0,0,0,0,0,,0,0,0,0,No
,IF0106,ISIDRO VEHICLE TRADING,Marah Luriely A. Villaruz,Rhoyland Alagon,0,10,0,0,0,0,0,0,47.3,,8,,Hold,Expired CL,,46210,,5,1,4,0,0,0,,0,0,0,0,No
,IF0107,PRIME'S DISPLAY & CAR CARE SERVICES,Albert Dalupang,Zhesa Resurrecion,0,18,0,0,0,0,0,0,23.55555556,,,,Hold,Expired CL,,46216,,8,7,1,0,0,0,,0,0,0,0,No
,IF0108,4KGOLDCARS CAR TRADING,Albert Dalupang,Zhesa Resurrecion,0,0,0,0,0,0,0,0,,,,,Hold,Finsso: Pending CL | Netbank: Pending CLA Signature,,45698,,0,0,0,0,0,0,,0,0,0,0,No
,IF0109,MJNGO DOCUMENT FACILITATION SERVICES,Albert Dalupang,Albert Dalupang,0,4,0,0,0,0,0,0,101,,15.75,,Open,Finsso: Open | Netbank: Expired CL,,46059,,5,5,0,0,0,0,,0,0,0,0,No
,IF0110,AMLSC CAR AGENT SERVICES,Albert Dalupang,Ricmar Magboo,0,10,1,0,920000,920000,920000,0,38,,,,Open,,,,,3,3,0,0.00315672566,0,0,,0,0,0,0,No
,IF0111,AUTOSCOPE.PH CAR TRADING,Marah Luriely A. Villaruz,Elvira Ladea,0,1,0,0,0,0,0,0,126,,36,,Blacklisted,Manual,45944,,,3,3,0,0,0,0,,0,0,0,0,No,45944,Emailed Endorsement,,46190.66594
,IF0112,AAU CAR TRADING,Malou Alfonso,Myrnalyn Bankingkito,1,3,1,0,619000,619000,619000,0,32,,,,Open,Finsso: Expired CL | Netbank: Open,,46281,,2,1,1,0.002123927373,0,0,,0,0,0,0,No
,IF0113,JVJ AUTOWHEELS AUTO TRADING,Albert Dalupang,Zhesa Resurrecion,0,0,0,0,0,0,0,0,,,,,Hold,Finsso: Pending CL | Netbank: Expired CL,,46066,,0,0,0,0,0,0,,0,0,0,0,No
,IF0114,AUTO-NATION CAR TRADING,Albert Dalupang,Zhesa Resurrecion,0,2,0,0,0,0,0,0,29.5,,,,Hold,Finsso: Pending CL | Netbank: Expired CL,,46181,,1,1,0,0,0,0,,0,0,0,0,No
,IF0115,BUHAY SASAKYAN CAR TRADING,Albert Dalupang,Zhesa Resurrecion,0,0,0,0,0,0,0,0,,,,,Hold,Finsso: Pending CL | Netbank: Pending CLA Signature,,45464,,0,0,0,0,0,0,,0,0,0,0,No
,IF0116,AUTO-PRIME CAR TRADING,Albert Dalupang,Zhesa Resurrecion,0,0,0,0,0,0,0,0,,,,,Hold,Finsso: Pending CL | Netbank: Pending CLA Signature,,45538,,0,0,0,0,0,0,,0,0,0,0,No
,IF0117,GENZ CAR TRADING,Marah Luriely A. Villaruz,Elvira Ladea,1,18,1,0,500000,500000,500000,0,29.10526316,,,,Open,,,,,18,12,6,0.001715611772,0,0,46280,1,0,1,1,No
,IF0118,MON UNDER CHASSIS REPAIR SHOP,Marah Luriely A. Villaruz,Rhoyland Alagon,0,0,0,0,0,0,0,0,,,,,Hold,Finsso: Pending CL | Netbank: Expired CL,,46066,,0,0,0,0,0,0,,0,0,0,0,No
,IF0119,DLA AUTO TRADING,Marah Luriely A. Villaruz,Elvira Ladea,1,4,0,0,0,0,0,0,21,,,,Open,Finsso: Open | Netbank: Expired CL,,46069,,2,2,0,0,0,0,,0,0,0,0,No
,IF0120,JUN UNDERCHASSIS REPAIR SHOP,Marah Luriely A. Villaruz,Rhoyland Alagon,0,0,0,0,0,0,0,0,,,,,Hold,Finsso: Pending CL | Netbank: Expired CL,,46069,,0,0,0,0,0,0,,0,0,0,0,No
,IF0121,XCAG CAR TRADING,Albert Dalupang,Ricmar Magboo,1,11,1,0,326700,326700,326700,0,62.41666667,,,,Open,,,,,6,6,0,0.001120980732,0,0,46279,2,2,0,0,No
,IF0122,JHIAN CAR TRADING,Marah Luriely A. Villaruz,Elvira Ladea,0,16,0,0,0,0,0,0,32.5625,,,,Hold,Finsso: Pending CL | Netbank: Expired CL,,46071,,22,12,10,0,0,0,,0,0,0,0,No
,IF0123,JMTS CARFINDERS TELEMARKETING SERVICES,Marah Luriely A. Villaruz,Elvira Ladea,1,73,1,3,1332900,1332900,306000,1026900,48.61038961,,24.1875,46202,Blacklisted,15 DPD,46202,,,102,65,37,0.004573477861,81,71,46274,26,18,8,1,No,,,,46197.04094
,IF0124,AUTO EDGE CAR TRADING,Albert Dalupang,Ricmar Magboo,0,17,3,0,1053000,1053000,1053000,0,51,,7.5,,Open,,,,,12,10,2,0.003613078391,0,0,,0,0,0,1,No
,IF0125,PREMIUM CAR EXCHANGE AND SERVICES INC,Albert Dalupang,Zhesa Resurrecion,0,0,0,0,0,0,0,0,,,,,Hold,Finsso: Pending CL | Netbank: Expired CL,,46073,,0,0,0,0,0,0,,0,0,0,0,No
,IF0126,BILS USED CAR TRADING,Albert Dalupang,Ricmar Magboo,1,5,0,0,0,0,0,0,47.8,,,,Open,Finsso: Pending CLA Signature | Netbank: Open,,46099.61458,,1,1,0,0,0,0,,0,0,0,0,No
,IF0127,J'S AUTO TRADING,Albert Dalupang,Albert Dalupang,0,3,0,0,0,0,0,0,55,,,,Open,,,,,2,1,1,0,0,0,,0,0,0,0,No
,IF0128,JELR CAR TRADING,Albert Dalupang,Albert Dalupang,0,0,0,0,0,0,0,0,,,,,Hold,Finsso: Pending CL | Netbank: Expired CL,,46076,,0,0,0,0,0,0,,0,0,0,0,No
,IF0129,GMK AUTOMOBILES CAR TRADING,Albert Dalupang,Zhesa Resurrecion,0,8,0,0,0,0,0,0,68.375,,18.66666667,,Hold,Finsso: Pending CL | Netbank: Expired CL,,46181,,31,21,10,0,0,0,,0,0,0,0,No
,IF0130,LLMS AUTO TRADING,Malou Alfonso,Myrnalyn Bankingkito,0,5,1,0,360000,360000,360000,0,50.83333333,,4,,Open,,,,,0,0,0,0.001235240476,0,0,,0,0,0,0,No
,IF0131,JAKEY CAR TRADING,Marah Luriely A. Villaruz,Elvira Ladea,0,13,0,0,0,0,0,0,45.15384615,,9.666666667,,Open,Finsso: Open | Netbank: Expired CL,,46181,,15,10,5,0,0,0,,0,0,0,0,No
,IF0132,RLD AUTOWORX & TOWING SERVICES,Albert Dalupang,Ricmar Magboo,0,0,0,0,0,0,0,0,,,,,Hold,Finsso: Pending CL | Netbank: Expired CL,,46087,,0,0,0,0,0,0,,0,0,0,0,No
,IF0133,IYO CARZ AUTO TRADING,Albert Dalupang,Zhesa Resurrecion,0,0,0,0,0,0,0,0,,,,,Hold,Finsso: Pending CL | Netbank: Expired CL,,46090,,0,0,0,0,0,0,,0,0,0,0,No
,IF0134,QUALICARZ BY JC CAR TRADING,Malou Alfonso,Rose Batacan,0,7,0,0,0,0,0,0,66.28571429,,9,,Hold,Finsso: Pending CLA Signature | Netbank: Expired CL,,46093,,8,3,5,0,0,0,,0,0,0,0,No
,IF0135,K2P AUTO TRADING,Marah Luriely A. Villaruz,Elvira Ladea,0,25,0,3,2618415,2618415,0,2618415,66.85714286,,37.58333333,46174,Blacklisted,15 DPD,46174,,,18,9,9,0.008984367194,109,99,46184,10,6,4,0,Yes,,,,46190.65122
,IF0136,SOUTHSIDE CAR TRADING,Albert Dalupang,Albert Dalupang,0,8,2,0,1000000,1000000,1000000,0,66.9,,8.25,,Open,,,,,7,7,0,0.003431223543,0,0,46274,2,2,0,0,No
,IF0137,SHERWIN CAR TRADING (Formerly :SHERWIN & CORA MOTORCYCLE BUY & SELL),Albert Dalupang,Albert Dalupang,0,1,0,0,0,0,0,0,108,,19,,Hold,Finsso: Pending CL | Netbank: Expired CL,,46093,,4,4,0,0,0,0,,0,0,0,0,No
,IF0138,GUNNR AUTO'S AND CAR ACCESSORIES SHOP,Albert Dalupang,Albert Dalupang,0,3,0,0,0,0,0,0,59,,33,,Hold,Finsso: Pending CL | Netbank: Expired CL,,46231,,6,6,0,0,0,0,,0,0,0,0,No
,IF0139,GETCARSPINAS CAR TRADING,Marah Luriely A. Villaruz,Rhoyland Alagon,0,0,0,0,0,0,0,0,,,,,Hold,Finsso: Pending CL | Netbank: Expired CL,,46098,,0,0,0,0,0,0,,0,0,0,0,No
,IF0140,JPI CAR DISPLAY CENTER,Albert Dalupang,Ricmar Magboo,0,0,0,0,0,0,0,0,,,,,Hold,Finsso: Pending CL | Netbank: Expired CL,,46100,,0,0,0,0,0,0,,0,0,0,0,No
,IF0141,JASPERS AUTO TRADING,Marah Luriely A. Villaruz,Elvira Ladea,0,28,1,0,378000,378000,378000,0,54.48275862,,6.166666667,,Open,,,,,28,10,18,0.001297002499,0,0,,0,0,0,2,No
,IF0142,MARK LOU VEHICLE TRADING,Marah Luriely A. Villaruz,Elvira Ladea,0,0,0,0,0,0,0,0,,,,,Hold,Finsso: Pending CL | Netbank: Pending CLA Signature,,45736,,0,0,0,0,0,0,,0,0,0,0,No
,IF0143,RCB CONSULTANCY SERVICES AND VEHICLE TRADING,Malou Alfonso,Myrnalyn Bankingkito,0,55,0,16,8484950,8484950,0,8484950,83.32394366,,95.78947368,46135,Blacklisted,15 DPD,46135,,,182,146,36,0.0291137602,148,88,46268,137,109,28,1,Yes,,,,46190.65122
,IF0144,APRECIO'S AUTO TRADING,Malou Alfonso,Myrnalyn Bankingkito,0,0,0,0,0,0,0,0,,,,,Hold,Finsso: Pending CL | Netbank: Expired CL,,46107,,0,0,0,0,0,0,,0,0,0,0,No
,IF0145,KC AUTO TRADING,Marah Luriely A. Villaruz,Rhoyland Alagon,0,0,0,0,0,0,0,0,,,,,Hold,Finsso: Pending CL | Netbank: Expired CL,,46111,,0,0,0,0,0,0,,0,0,0,0,No
,IF0146,AGOSDELAISLACARS AUTO TRADING,Marah Luriely A. Villaruz,Rhoyland Alagon,0,4,0,0,0,0,0,0,24.5,,,,Open,Finsso: Open | Netbank: Pending CLA Signature,,45751.6375,,0,0,0,0,0,0,,0,0,0,0,No
,IF0147,RK AUTO TRADING,Albert Dalupang,Ricmar Magboo,0,0,0,0,0,0,0,0,,,,,Hold,Finsso: Pending CL | Netbank: Expired CL,,46118,,0,0,0,0,0,0,,0,0,0,0,No
,IF0148,NEXUS EIGHT AUTO DETAILING AND DISPLAY CENTER,Albert Dalupang,Ricmar Magboo,0,0,0,0,0,0,0,0,,,,,Open,Finsso: Open | Netbank: Pending CLA Signature,,45757,,0,0,0,0,0,0,,0,0,0,0,No
,IF0149,COYTSE CAR TRADING,Malou Alfonso,Myrnalyn Bankingkito,0,0,0,0,0,0,0,0,,,,,Blacklisted,Locked by Timestamp,46190.66594,,,0,0,0,0,0,0,,0,0,0,0,No,,,,46190.66594
,IF0150,RICHARD ZABLAN CAR TRADING,Albert Dalupang,Zhesa Resurrecion,0,0,0,0,0,0,0,0,,,,,Hold,Finsso: Pending CL | Netbank: Expired CL,,46126,,0,0,0,0,0,0,,0,0,0,0,No
,IF0151,NXGEN CAR TRADING,Malou Alfonso,Rose Batacan,0,36,0,9,4289589.4,4289589.4,0,4289589.4,105.4666667,,47.71428571,46139,Blacklisted,15 DPD,46139,,,60,45,15,0.01471854014,144,93,46258,23,14,9,0,Yes,,,,46190.65122
,IF0152,SJL CAR TRADING,Malou Alfonso,Myrnalyn Bankingkito,0,0,0,0,0,0,0,0,,,,,Hold,Finsso: Pending CL | Netbank: Expired CL,,46141,,0,0,0,0,0,0,,0,0,0,0,No
,IF0153,AUTOVENTURES CAR DISPLAY CENTER,Albert Dalupang,Albert Dalupang,0,10,0,0,0,0,0,0,79.4,,51.4,,Blacklisted,Locked by Timestamp,46190.65122,,,25,17,8,0,0,0,,0,0,0,0,No,,,,46190.65122
,IF0154,MS DEAL AND AUTO DETAILING SERVICES,Marah Luriely A. Villaruz,Rhoyland Alagon,1,12,1,0,700000,700000,700000,0,65.38461538,,3,,Open,,,,,11,9,2,0.00240185648,0,0,,0,0,0,0,No
,IF0155,ACES OF 5 AUTODEAL OPC,Malou Alfonso,Rose Batacan,0,0,0,0,0,0,0,0,,,,,Hold,Finsso: Expired CL | Netbank: Pending CLA Signature,,46157,,0,0,0,0,0,0,,0,0,0,0,No
,IF0156,ABG AUTO TRADING,Marah Luriely A. Villaruz,Rhoyland Alagon,0,0,0,0,0,0,0,0,,,,,Hold,Finsso: Pending CL | Netbank: Expired CL,,46157,,0,0,0,0,0,0,,0,0,0,0,No
,IF0157,GMN CAR TRADING,Albert Dalupang,Albert Dalupang,0,0,0,0,0,0,0,0,,,,,Hold,Finsso: Pending CL | Netbank: Pending CLA Signature,,45793,,0,0,0,0,0,0,,0,0,0,0,No
,IF0158,H3Z AUTO PARTS AND ACCESSORIES TRADING,Marah Luriely A. Villaruz,Elvira Ladea,0,1,0,0,0,0,0,0,56,,,,Hold,Finsso: Pending CL | Netbank: Expired CL,,46157,,2,1,1,0,0,0,,0,0,0,0,No
,IF0159,RL CAR TRADING,Marah Luriely A. Villaruz,Elvira Ladea,0,0,0,0,0,0,0,0,,,,,Hold,Finsso: Pending CL | Netbank: Expired CL,,46163,,0,0,0,0,0,0,,0,0,0,0,No
,IF0160,RISING AUTO TRADING,Albert Dalupang,Ricmar Magboo,0,20,0,0,0,0,0,0,85.1,,10.375,,Blacklisted,Locked by Timestamp,46208.04094,,,13,12,1,0,0,0,,0,0,0,1,No,,,,46208.04094
,IF0161,AUTO TRADING 8 CAR'S,Marah Luriely A. Villaruz,Elvira Ladea,1,17,4,0,708428,1343628,1343628,0,33.63157895,,5,,Hold,Multiple Failure Audits,,46279.55925,46279.55925,15,9,6,0.002430774832,0,0,46276,5,0,5,1,Yes
,IF0162,2'G AUTO TRADING,Marah Luriely A. Villaruz,Elvira Ladea,0,0,0,0,0,0,0,0,,,,,Hold,Finsso: Pending CL | Netbank: Expired CL,,46163,,0,0,0,0,0,0,,0,0,0,0,No
,IF0163,RONEL CAR TRADING,Marah Luriely A. Villaruz,Elvira Ladea,0,2,0,0,0,0,0,0,8,,,,Hold,Finsso: Pending CLA Signature | Netbank: Expired CL,,46167,,1,1,0,0,0,0,,0,0,0,0,No
,IF0164,ALOHACARSPH AUTO TRADING,Marah Luriely A. Villaruz,Elvira Ladea,0,1,0,0,0,0,0,0,151,,61,,Blacklisted,Manual,45944,,,2,2,0,0,0,0,,0,0,0,0,No,45944,Emailed Endorsement,,46190.66594
,IF0165,VIN CAR TRADING,Albert Dalupang,Zhesa Resurrecion,0,7,1,0,273000,273000,273000,0,27.125,,,,Open,,,,,0,0,0,0.0009367240273,0,0,,0,0,0,0,No
,IF0166,CENTENO-SANTOS-MOTORS AUTO TRADING,Marah Luriely A. Villaruz,Elvira Ladea,0,0,0,0,0,0,0,0,,,,,Hold,Finsso: Pending CL | Netbank: Expired CL,,46175,,0,0,0,0,0,0,,0,0,0,0,No
,IF0167,PERFECTCARS CAR AGENT SERVICES,Malou Alfonso,Myrnalyn Bankingkito,0,0,0,0,0,0,0,0,,,,,Hold,Finsso: Pending CL | Netbank: Pending CLA Signature,,45811,,0,0,0,0,0,0,,0,0,0,0,No
,IF0168,LIPA CAR CARE CENTER,Albert Dalupang,Ricmar Magboo,0,3,0,0,0,0,0,0,61.33333333,,,,Open,Finsso: Open | Netbank: Expired CL,,46174,,2,2,0,0,0,0,,0,0,0,0,No
,IF0169,BABY J CAR AGENT SERVICES,Albert Dalupang,Ricmar Magboo,0,3,0,0,0,0,0,0,96.33333333,,20.33333333,,Blacklisted,Manual,46006,,,4,4,0,0,0,0,,0,0,0,0,No,46006,Emailed Endorsement,,46190.65122
,IF0170,VINE CAR TRADING,Malou Alfonso,Rose Batacan,0,11,0,0,0,0,0,0,66.45454545,,15.28571429,,Open,Finsso: Open | Netbank: Expired CL,,46231,,17,9,8,0,0,0,,0,0,0,0,No
,IF0171,BOUNTIFUL GRACE CAR TRADING,Malou Alfonso,Rose Batacan,0,7,0,0,0,0,0,0,108,,55.6,,Blacklisted,Locked by Timestamp,46190.65122,,,15,10,5,0,0,0,,0,0,0,0,No,,,,46190.65122
,IF0172,BRAVOCARS AUTO TRADING,Albert Dalupang,Zhesa Resurrecion,0,3,0,0,0,0,0,0,96.33333333,,67,,Hold,Expired CL,,46181,,5,4,1,0,0,0,,0,0,0,0,No
,IF0173,3 KING'S AUTOGARAGE CAR TRADING,Albert Dalupang,Zhesa Resurrecion,0,0,0,0,0,0,0,0,,,,,Hold,Finsso: Pending CL | Netbank: Expired CL,,46181,,0,0,0,0,0,0,,0,0,0,0,No
,IF0174,JAML16 AUTO TRADING,Albert Dalupang,Ricmar Magboo,0,41,1,0,264500,264500,264500,0,44.5952381,,10.2,,Open,Reassessed - 08/27/2026 | Finsso: Open | Netbank: Open,,,,14,5,9,0.0009075586272,0,0,,0,0,0,6,No,,,46261,46195.66593
,IF0175,E5AUTOTRADING CAR TRADING,Marah Luriely A. Villaruz,Rhoyland Alagon,0,7,0,0,0,0,0,0,34.42857143,,,,Open,,,,,2,2,0,0,0,0,,0,0,0,0,No
,IF0176,EDR CAR TRADING,Albert Dalupang,Zhesa Resurrecion,0,15,0,0,0,0,0,0,52.66666667,,2,,Open,,,,,1,1,0,0,0,0,,0,0,0,0,No
,IF0177,JLIMAUTODEAL CAR TRADING,Albert Dalupang,Albert Dalupang,0,0,0,0,0,0,0,0,,,,,Hold,Finsso: Pending CL | Netbank: Expired CL,,46188,,0,0,0,0,0,0,,0,0,0,0,No
,IF0178,3A AUTO SHOP,Marah Luriely A. Villaruz,Rhoyland Alagon,0,0,0,0,0,0,0,0,,,,,Hold,Finsso: Pending CL | Netbank: Expired CL,,46189,,0,0,0,0,0,0,,0,0,0,0,No
,IF0179,GAB AUTO TRADING,Malou Alfonso,Rose Batacan,4,22,0,0,0,0,0,0,42.95454545,,15,,Open,Finsso: Open | Netbank: Expired CL,,46259,,30,6,24,0,0,0,,0,0,0,0,No
,IF0180,RIDEAGAIN INC. (FORMERLY: NEXANOVUS TECHNOLOGIES INC.), Hannah Mae A. Ibay,Hannah Mae Ibay,0,106,1,14,25155822.45,25155822.45,2800000,22355822.45,124.7933884,,55.64705882,46123,Blacklisted,15 DPD,46123,,,6,6,0,0.08631525024,160,122,,0,0,0,0,No,,,,46190.65122
,IF0181,DASHMOTORS INC,Albert Dalupang,Albert Dalupang,1,58,0,16,7302554.442,7302554.442,0,7302554.442,96.75675676,,69.5,46132,Blacklisted,15 DPD,46132,,,76,30,46,0.02505669673,151,99,46260,64,28,36,2,Yes,,,,46190.65122
,IF0182,KARL CAR TRADING,Marah Luriely A. Villaruz,Rhoyland Alagon,0,12,1,0,400000,400000,400000,0,56.15384615,,13,,Open,,,,,3,2,1,0.001372489417,0,0,,0,0,0,0,No,,,46083.64583
,IF0183,AUTOGERD CAR TRADING,Albert Dalupang,Albert Dalupang,0,4,1,0,810000,810000,810000,0,59.6,,,,Open,,,,,1,1,0,0.00277929107,0,0,,0,0,0,0,No
,IF0184,MADDY CARS-OUTLET VEHICLE TRADING,Albert Dalupang,Ricmar Magboo,1,22,4,0,1592200,1592200,1592200,0,68.15384615,,3.428571429,,Open,,,,,29,16,13,0.005463194125,0,0,46283,7,5,2,1,No
,IF0185,Y2KAR-CAR TRADING,Marah Luriely A. Villaruz,Rhoyland Alagon,1,11,0,1,365500,365500,0,365500,73.33333333,,48.33333333,46114,Blacklisted,15 DPD,46114,,,12,5,7,0.001254112205,169,169,46140,2,1,1,0,No,,,,46190.65122
,IF0186,JAX AUTO TRADING,Malou Alfonso,Rose Batacan,0,6,0,0,0,0,0,0,47.66666667,,16.33333333,,Open,Finsso: Open | Netbank: Expired CL,,46212,,4,1,3,0,0,0,,0,0,0,0,No
,IF0187,CLAU CAR AGENT SERVICES,Marah Luriely A. Villaruz,Elvira Ladea,0,15,1,0,500000,500000,500000,0,59.875,,12.33333333,,Blacklisted,Locked by Timestamp,46238.04096,,,17,10,7,0.001715611772,0,0,46273,5,3,2,1,No,,,,46238.04096
,IF0188,DB AUTO TRADING,Albert Dalupang,Zhesa Resurrecion,1,10,0,0,0,0,0,0,67.6,,13.33333333,,Open,Finsso: Open | Netbank: Expired CL,,46216,,12,8,4,0,0,0,,0,0,0,0,No
,IF0189,SEF CAR TRADING,Marah Luriely A. Villaruz,Elvira Ladea,0,5,1,0,360000,360000,360000,0,39.16666667,,,,Open,,,,,0,0,0,0.001235240476,0,0,,0,0,0,0,No
,IF0190,AYI CAR AGENT SERVICES,Marah Luriely A. Villaruz,Elvira Ladea,0,2,1,0,194400,194400,194400,0,30.33333333,,,,Open,,,,,1,1,0,0.0006670298568,0,0,46259,1,1,0,0,No
,IF0191,WIN-WIN CAR TRADING,Albert Dalupang,Ricmar Magboo,0,1,0,0,0,0,0,0,18,,,,Hold,Expired CL,,46219,,0,0,0,0,0,0,,0,0,0,0,No
,IF0192,JET CAR TRADING,Malou Alfonso,Myrnalyn Bankingkito,0,18,0,0,0,0,0,0,56.77777778,,40.77777778,,Blacklisted,Locked by Timestamp,46190.65122,,,37,25,12,0,0,0,,0,0,0,0,No,,,,46190.65122
,IF0193,INIGO'S CAR AGENT SERVICES,Marah Luriely A. Villaruz,Elvira Ladea,0,7,0,0,0,0,0,0,42.57142857,,6,,Open,Finsso: Open | Netbank: Expired CL,,46225,,1,1,0,0,0,0,,0,0,0,0,No
,IF0194,PUNKOTSE JOINT CAR SHOP,Marah Luriely A. Villaruz,Elvira Ladea,0,13,0,0,0,0,0,0,69.07692308,,31.5,,Blacklisted,Locked by Timestamp,46231.04096,,,12,12,0,0,0,0,,0,0,0,0,No,,,46122.52014,46231.04096
,IF0195,BQ AUTO TRADING,Albert Dalupang,Zhesa Resurrecion,0,0,0,0,0,0,0,0,,,,,Hold,Finsso: Pending CL | Netbank: Expired CL,,46225,,0,0,0,0,0,0,,0,0,0,0,No
,IF0196,AUTOJEFFORD AUTO PARTS REPAIR SERVICE,Albert Dalupang,Zhesa Resurrecion,1,4,0,0,0,0,0,0,95.5,,45.33333333,,Blacklisted,Manual,46006,,,3,1,2,0,0,0,,0,0,0,0,No,46006,Emailed Endorsement,,46190.65122
,IF0197,DANIEL CAR TRADING (AMOR),Malou Alfonso,Rose Batacan,0,1,0,0,0,0,0,0,96,,6,,Hold,Finsso: Pending CL | Netbank: Expired CL,,46227,,2,2,0,0,0,0,,0,0,0,0,No
,IF0198,RENZ PATRICK MOJICA CAR AGENT SERVICES,Marah Luriely A. Villaruz,Elvira Ladea,0,5,0,2,1330000,1330000,0,1330000,190.2857143,,146.4,46030,Blacklisted,15 DPD,46030,,,1,1,0,0.004563527312,253,232,,0,0,0,0,No,,,,46190.65122
,IF0199,BRYLLE CESS AUTO SHOP,Marah Luriely A. Villaruz,Herbert Capistrano,0,0,0,0,0,0,0,0,,,,,Open,Finsso: Open | Netbank: Expired CL,,46227,,0,0,0,0,0,0,,0,0,0,0,No
,IF0200,WAREHOUSE MANAGEMENT SERVICES CARLY CAR&RENTAL,Malou Alfonso,Rose Batacan,0,2,0,0,0,0,0,0,90.5,,,,Hold,Finsso: Pending CL | Netbank: Expired CL,,46227,,2,2,0,0,0,0,,0,0,0,0,No
,IF0201,JERZ AUTO SHOP,Malou Alfonso,Myrnalyn Bankingkito,0,1,0,0,0,0,0,0,14,,,,Open,Finsso: Open | Netbank: Expired CL,,46227,,0,0,0,0,0,0,,0,0,0,0,No
,IF0202,DZAUTOGARAGE CAR TRADING,Marah Luriely A. Villaruz,Elvira Ladea,0,0,0,0,0,0,0,0,,,,,Hold,Finsso: Pending CL | Netbank: Expired CL,,46231,,0,0,0,0,0,0,,0,0,0,0,No
,IF0203,AEDEN DCARS CAR AGENT SERVICES,Malou Alfonso,Rose Batacan,0,0,0,1,588000,588000,0,588000,360,,301,45982,Blacklisted,15 DPD,45982,,,0,0,0,0.002017559443,301,301,,0,0,0,0,No,46006,Emailed Endorsement,,46190.65122
,IF0204,JJR CAR TRADING,Albert Dalupang,Ricmar Magboo,1,27,2,0,966000,966000,966000,0,51.86206897,,3,,Open,Finsso: Expired CL | Netbank: Open,,46280,,16,12,4,0.003314561943,0,0,46282,2,2,0,2,No
,IF0205,BHASTA MHANIBELA AUTO TRADING,Albert Dalupang,Albert Dalupang,0,5,0,0,0,0,0,0,24.8,,,,Hold,Finsso: Pending CL | Netbank: Expired CL,,46232,,1,1,0,0,0,0,,0,0,0,0,No
,IF0206,CARS.PH CAR TRADING,Marah Luriely A. Villaruz,Rhoyland Alagon,0,0,0,0,0,0,0,0,,,,,Hold,Finsso: Pending CL | Netbank: Expired CL,,46232,,0,0,0,0,0,0,,0,0,0,0,No
,IF0207,ZT CAR TRADING,Malou Alfonso,Myrnalyn Bankingkito,0,7,0,0,0,0,0,0,64.14285714,,,,Open,Finsso: Expired CL | Netbank: Open,,46233,,2,1,1,0,0,0,,0,0,0,0,No
,IF0208,ZTZ AUTO TRADING,Malou Alfonso,Myrnalyn Bankingkito,0,7,1,0,1800000,1800000,1800000,0,41,,,,Open,Finsso: Pending CLA Signature | Netbank: Open,,45869.61944,,6,5,1,0.006176202378,0,0,,0,0,0,0,No
,IF0209,BOZZ BY CAR TRADING,Marah Luriely A. Villaruz,Elvira Ladea,0,2,0,0,0,0,0,0,72.5,,,,Hold,Finsso: Pending CL | Netbank: Expired CL,,46245,,2,2,0,0,0,0,,0,0,0,0,No
,IF0210,J.D.L AUTOGARAGE CAR TRADING,Albert Dalupang,Ricmar Magboo,0,2,1,0,135000,135000,135000,0,77.66666667,,1.5,,Hold,Finsso: Pending CL | Netbank: Expired CL,,46249,,2,2,0,0.0004632151783,0,0,46279,1,1,0,0,No
,IF0211,JRI CAR TRADING,Malou Alfonso,Rose Batacan,0,4,0,0,0,0,0,0,93.5,,3.25,,Hold,Finsso: Pending CL | Netbank: Expired CL,,46251,,0,0,0,0,0,0,,0,0,0,0,No
,IF0212,GOOD FIND CAR TRADING,Malou Alfonso,Rose Batacan,1,8,0,0,0,0,0,0,76.625,,4.2,,Blacklisted,Locked by Timestamp,46203.04096,,,8,7,1,0,0,0,,0,0,0,0,No,,,,46203.04096
,IF0213,RB CARZ CAR TRADING,Marah Luriely A. Villaruz,Elvira Ladea,0,3,0,1,395000,395000,0,395000,147,,72.25,46104,Blacklisted,15 DPD,46104,,,4,0,4,0.0013553333,179,179,46118,2,0,2,0,Yes,,,,46190.65122
,IF0214,3GC AUTO SHOP,Marah Luriely A. Villaruz,Rhoyland Alagon,0,8,2,0,1150000,1150000,1150000,0,58.6,,1,,Open,,,,,5,5,0,0.003945907075,0,0,,0,0,0,0,No
,IF0215,J4 CAR TRADING,Albert Dalupang,Ricmar Magboo,0,0,0,0,0,0,0,0,,,,,Hold,Finsso: Expired CL | Netbank: Pending CLA Signature,,46251,,0,0,0,0,0,0,,0,0,0,0,No
,IF0216,GABCARS AUTO TRADING,Malou Alfonso,Myrnalyn Bankingkito,0,0,0,0,0,0,0,0,,,,,Hold,Finsso: Expired CL | Netbank: Pending CLA Signature,,46251,,0,0,0,0,0,0,,0,0,0,0,No
,IF0217,PRIMELYONE CAR TRADING,Marah Luriely A. Villaruz,Rhoyland Alagon,0,0,0,0,0,0,0,0,,,,,Hold,Finsso: Expired CL | Netbank: Pending CLA Signature,,46251,,0,0,0,0,0,0,,0,0,0,0,No
,IF0218,JVA CARS TRADING OPC,Malou Alfonso,Rose Batacan,2,14,8,0,7200000,7200000,7200000,0,60.40909091,,6,,Open,,,,,33,29,4,0.02470480951,0,0,46275,16,16,0,0,No
,IF0219,MAB CAR TRADING,Albert Dalupang,Albert Dalupang,0,2,0,3,3675000,3675000,0,3675000,259.8,,239.5,45961,Blacklisted,15 DPD,45961,,,6,1,5,0.01260974652,322,276,45980,5,1,4,0,Yes,46006,Emailed Endorsement,,46190.65122
,IF0220,KIDSZONETOYSAVENUE TOY STORE,Marah Luriely A. Villaruz,Rhoyland Alagon,0,2,0,0,0,0,0,0,48,,15,,Blacklisted,Locked by Timestamp,46199.04094,,,1,1,0,0,0,0,,0,0,0,0,No,,,,46199.04094
,IF0221,ALP AUTO TRADING,Malou Alfonso,Myrnalyn Bankingkito,1,2,0,0,0,0,0,0,30,,,,Hold,Finsso: Expired CL | Netbank: Pending CLA Signature,,46253,,0,0,0,0,0,0,,0,0,0,0,No
,IF0222,WHEELWISE AUTO TRADING,Marah Luriely A. Villaruz,Rhoyland Alagon,0,3,0,0,0,0,0,0,14.33333333,,,,Open,,,,,0,0,0,0,0,0,,0,0,0,0,No
,IF0223,ALLEN MOTORKEE & AUTO TRADING,Albert Dalupang,Zhesa Resurrecion,0,6,0,1,273000,273000,0,273000,68.71428571,,80,46136,Blacklisted,15 DPD,46136,,,3,2,1,0.0009367240273,147,147,46140,1,0,1,0,No,,,,46190.65122
,IF0224,CARWIN AUTOMOTIVE REPAIR SERVICES,Malou Alfonso,Rose Batacan,1,17,1,0,738720,738720,738720,0,74.33333333,,,,Open,Finsso: Expired CL | Netbank: Open,,46259,,18,16,2,0.002534713456,0,0,46275,3,3,0,0,No
,IF0225,EC CAR TRADING,Marah Luriely A. Villaruz,Rhoyland Alagon,2,17,4,0,1312000,1312000,1312000,0,53.66666667,,3.5,,Open,,,,,25,22,3,0.004501765289,0,0,46281,7,7,0,1,No
,IF0226,JJM AUTO CARE SERVICES,Marah Luriely A. Villaruz,Elvira Ladea,0,4,0,0,0,0,0,0,49.75,,77,,Blacklisted,Locked by Timestamp,46190.65122,,,1,0,1,0,0,0,,0,0,0,0,No,,,,46190.65122
,IF0227,MEL CAR TRADING,Marah Luriely A. Villaruz,Elvira Ladea,0,0,0,0,0,0,0,0,,,,,Hold,Finsso: Expired CL | Netbank: Pending CLA Signature,,46262,,0,0,0,0,0,0,,0,0,0,0,No
,IF0228,BHADZFAST AUTOWORKS,Albert Dalupang,Albert Dalupang,0,0,0,1,3000000,3000000,0,3000000,382,,291,45992,Blacklisted,15 DPD,45992,,,0,0,0,0.01029367063,291,291,,0,0,0,0,No,46006,Emailed Endorsement,,46190.65122
,IF0229,PRE MIERE AUTOTRADE CAR AGENT SERVICES,Malou Alfonso,Rose Batacan,0,1,0,0,0,0,0,0,30,,,,Hold,Finsso: Expired CL | Netbank: Pending CLA Signature,,46263,,1,1,0,0,0,0,,0,0,0,0,No
,IF0230,JEYEMBEE CAR TRADING,Marah Luriely A. Villaruz,Elvira Ladea,0,0,0,0,0,0,0,0,,,,,Hold,Finsso: Expired CL | Netbank: Pending CLA Signature,,46263,,0,0,0,0,0,0,,0,0,0,0,No
,IF0231,STRIKES. GARAGE AUTO TRADING,Albert Dalupang,Zhesa Resurrecion,0,4,0,2,635000,635000,0,635000,109.3333333,,60,46169,Blacklisted,15 DPD,46169,,,4,2,2,0.00217882695,114,114,46139,4,2,2,0,No,,,,46190.65122
,IF0232,GCARS AUTO SHOP,Marah Luriely A. Villaruz,Lorraine Matsumura,0,0,0,0,0,0,0,0,,,,,Hold,Pending CLA Signature,,46183.6875,,0,0,0,0,0,0,,0,0,0,0,No
,IF0233,AUTOALAGAA CARWASH AND DETAILING SERVICES,Marah Luriely A. Villaruz,Elvira Ladea,1,1,1,0,358500,358500,358500,0,9,,,,Open,Finsso: Expired CL | Netbank: Open,,46267,,0,0,0,0.00123009364,0,0,,0,0,0,0,No
,IF0234,TGM AS AUTO SHOP,Marah Luriely A. Villaruz,Rhoyland Alagon,0,1,0,0,0,0,0,0,57,,27,,Hold,Finsso: Expired CL | Netbank: Pending CLA Signature,,46268,,2,1,1,0,0,0,,0,0,0,0,No
,IF0235,KOTSE KALYEDAD CAR AGENT SERVICES,Marah Luriely A. Villaruz,Elvira Ladea,0,1,0,0,0,0,0,0,16,,,,Hold,Finsso: Expired CL | Netbank: Pending CLA Signature,,46268,,0,0,0,0,0,0,,0,0,0,0,No
,IF0236,BOSS ARENCE T.V CAR TRADING,Albert Dalupang,Ricmar Magboo,1,0,0,0,0,0,0,0,,,,,Open,Finsso: Expired CL | Netbank: Open,,46269,,0,0,0,0,0,0,,0,0,0,0,No
,IF0237,ELM CARS TRADING,Malou Alfonso,Rose Batacan,0,0,0,1,1012500,1012500,0,1012500,283,,193,46090,Blacklisted,15 DPD,46090,,,5,5,0,0.003474113837,193,193,46233,5,5,0,0,No,,,,46190.65122
,IF0238,GHA AUTO TRADING,Malou Alfonso,Rose Batacan,0,0,0,0,0,0,0,0,,,,,Hold,Finsso: Expired CL | Netbank: Pending CLA Signature,,46273,,0,0,0,0,0,0,,0,0,0,0,No
,IF0239,JMF AUTOCARE SERVICES,Albert Dalupang,Ricmar Magboo,0,8,2,0,1340000,1340000,1340000,0,23.5,,,,Open,,,,,1,0,1,0.004597839548,0,0,,0,0,0,1,No
,IF0240,S&S AUTO TRADING,Malou Alfonso,Rose Batacan,1,4,0,0,0,0,0,0,76,,4,,Open,Finsso: Open | Netbank: Pending CLA Signature,,46177.68889,,0,0,0,0,0,0,,0,0,0,0,No
,IF0241,KKKD11 AUTO SHOP,Marah Luriely A. Villaruz,Rhoyland Alagon,1,0,1,0,171000,171000,171000,0,29,,,,Hold,Finsso: Expired CL | Netbank: Pending CLA Signature,,46281,,0,0,0,0.0005867392259,0,0,,0,0,0,0,No
,IF0242,HMJS CAR TRADING,Albert Dalupang,Ricmar Magboo,0,1,0,0,0,0,0,0,29,,,,Hold,Finsso: Expired CL | Netbank: Pending CLA Signature,,46281,,0,0,0,0,0,0,,0,0,0,0,No
,IF0243,KPMA CAR TRADING,Marah Luriely A. Villaruz,Elvira Ladea,2,12,3,0,678384,1084650,1084650,0,52.92857143,,6,,Open,,,,,2,0,2,0.002327687152,0,0,,0,0,0,2,No
,IF0244,ANISKAYE VEHICLE TRADING,Marah Luriely A. Villaruz,Rhoyland Alagon,0,1,0,0,0,0,0,0,23,,,,Hold,Finsso: Expired CL | Netbank: Pending CLA Signature,,46282,,0,0,0,0,0,0,,0,0,0,0,No
,IF0245,VL AUTO TRADING,Albert Dalupang,Zhesa Resurrecion,0,0,0,0,0,0,0,0,,,,,Hold,Finsso: Expired CL | Netbank: Pending CLA Signature,,46282,,0,0,0,0,0,0,,0,0,0,0,No
,IF0246,JHELO CAR TRADING,Malou Alfonso,Myrnalyn Bankingkito,0,1,0,0,0,0,0,0,1,,,,Open,Finsso: Open | Netbank: Pending CLA Signature,,46184.61597,,0,0,0,0,0,0,,0,0,0,0,No
,IF0247,4CS AUTO CARE CENTER,Marah Luriely A. Villaruz,Rhoyland Alagon,0,2,1,0,261000,261000,261000,0,45.33333333,,7,,Open,,,,,0,0,0,0.0008955493448,0,0,,0,0,0,0,No
,IF0248,MANILA A DEAL CAR TRADING,Albert Dalupang,Albert Dalupang,0,17,0,6,6679000,6679000,0,6679000,86.73913043,,24.5625,46223,Blacklisted,15 DPD,46223,,,72,43,29,0.02291714204,60,46,46280,45,37,8,0,No,,,,46238.04096
,IF0249,POLLY'S CAR TRADING,Malou Alfonso,Myrnalyn Bankingkito,0,0,0,0,0,0,0,0,,,,,Open,Finsso: Open | Netbank: Pending CLA Signature,,46184.64792,,0,0,0,0,0,0,,0,0,0,0,No
,IF0250,RAS CAR TRADING,Malou Alfonso,Myrnalyn Bankingkito,0,9,0,0,0,0,0,0,75.88888889,,6,,Open,Finsso: Open | Netbank: Pending CLA Signature,,46170.66736,,8,2,6,0,0,0,,0,0,0,2,No
,IF0251,TREV AUTO TRADING,Marah Luriely A. Villaruz,Elvira Ladea,0,7,1,0,160380,160380,160380,0,53.375,,5,,Open,,,,,8,4,4,0.0005502996319,0,0,46213,1,1,0,1,No
,IF0252,PITCH AUTO TRADING,Malou Alfonso,Rose Batacan,0,1,0,0,0,0,0,0,11,,,,Open,Finsso: Open | Netbank: Pending CLA Signature,,46184.68819,,0,0,0,0,0,0,,0,0,0,0,No
,IF0253,BUM-AUTODEAL AUTO TRADING,Marah Luriely A. Villaruz,Elvira Ladea,1,10,1,0,328500,328500,328500,0,42.81818182,,7,,Open,,,,,7,4,3,0.001127156934,0,0,,0,0,0,1,No
,IF0254,JUSTRADE USED QUALITY CAR TRADING,Albert Dalupang,Ricmar Magboo,0,12,3,0,1671500,1671500,1671500,0,78.13333333,,9.818181818,,Open,,,,,16,9,7,0.005735290152,0,0,46283,7,5,2,4,No,,,46035.59861
,IF0255,FULL STOP CAR TRADING,Marah Luriely A. Villaruz,Elvira Ladea,0,2,0,0,0,0,0,0,87,,,,Open,,,,,1,1,0,0,0,0,,0,0,0,0,No
,IF0256,KRAUSEVILLECARS ATCARCITY CAR TRADING,Albert Dalupang,Albert Dalupang,0,29,3,0,1429100,1429100,1429100,0,39.5,,,,Open,,,,,46,36,10,0.004903561566,0,0,46281,4,4,0,0,No
,IF0257,G.G. AUTO TRADING,Malou Alfonso,Rose Batacan,0,8,0,0,0,0,0,0,27.5,,,,Open,,,,,0,0,0,0,0,0,,0,0,0,0,No
,IF0258,AUTOMOBILICO INC,Marah Luriely A. Villaruz,Elvira Ladea,0,17,0,0,0,0,0,0,57.05882353,,5,,Open,,,,,0,0,0,0,0,0,,0,0,0,0,No
,IF0259,DANCARS AUTO SHOP,Marah Luriely A. Villaruz,Rhoyland Alagon,0,0,0,0,0,0,0,0,,,,,Open,Finsso: Open | Netbank: Pending CLA Signature,,46184.69097,,0,0,0,0,0,0,,0,0,0,0,No
,IF0260,EDONG D GARAGE-TRUST&TEST-WHEELS AUTO SHOP,Marah Luriely A. Villaruz,Rhoyland Alagon,0,1,0,0,0,0,0,0,47,,,,Open,Finsso: Open | Netbank: Pending CLA Signature,,46184.69375,,0,0,0,0,0,0,,0,0,0,0,No
,IF0261,ALPINE3 CAR TRADING,Marah Luriely A. Villaruz,Rhoyland Alagon,0,0,0,0,0,0,0,0,,,,,Open,Finsso: Open | Netbank: Pending CLA Signature,,46189.39236,,0,0,0,0,0,0,,0,0,0,0,No
,IF0262,FMB CAR TRADING,Malou Alfonso,Myrnalyn Bankingkito,0,7,0,3,993000,993000,0,993000,114,,129,46088,Blacklisted,15 DPD,46088,,,5,1,4,0.003407204978,195,181,46140,4,1,3,0,No,,,,46190.65122
,IF0263,FASTCARS AUTO TRADING,Malou Alfonso,Myrnalyn Bankingkito,0,1,0,0,0,0,0,0,28,,,,Open,Finsso: Open | Netbank: Pending CLA Signature,,46189.40903,,0,0,0,0,0,0,,0,0,0,0,No
,IF0264,ROSMEL AUTO TRADING,Albert Dalupang,Ricmar Magboo,0,4,2,0,454600,454600,454600,0,40.33333333,,,,Open,,,,,3,3,0,0.001559834223,0,0,46279,2,2,0,0,No
,IF0265,ELLA BELLA CAR TRADING,Malou Alfonso,Rose Batacan,0,3,0,0,0,0,0,0,29.33333333,,,,Open,,,,,0,0,0,0,0,0,,0,0,0,0,No
,IF0266,AIRCONDITION TRADING WIL-AIR,Malou Alfonso,Myrnalyn Bankingkito,0,0,0,0,0,0,0,0,,,,,Open,Finsso: Open | Netbank: Pending CLA Signature,,46189.74514,,0,0,0,0,0,0,,0,0,0,0,No
,IF0267,CJ FLOW OPC,Marah Luriely A. Villaruz,Rhoyland Alagon,0,16,3,0,1069953.6,1069953.6,1069953.6,0,28.10526316,,3,46282,Open,,,,,4,4,0,0.003671249982,1,1,46274,3,3,0,0,No
,IF0268,ANARY'S GENERAL MERCHANDISE,Albert Dalupang,Ricmar Magboo,0,0,0,0,0,0,0,0,,,,,Open,Finsso: Open | Netbank: Pending CLA Signature,,46189.54861,,0,0,0,0,0,0,,0,0,0,0,No
,IF0269,HEBRIO AUTO TRADING,Malou Alfonso,Rose Batacan,0,1,0,0,0,0,0,0,98,,8,,Open,Finsso: Open | Netbank: Pending CLA Signature,,46189.55417,,0,0,0,0,0,0,,0,0,0,0,No
,IF0270,DRYVE CAR TRADING,Marah Luriely A. Villaruz,Elvira Ladea,1,27,2,0,1136700,1136700,1136700,0,51.13793103,,14,,Blacklisted,Locked by Timestamp,46251.62432,,,31,19,12,0.003900271802,0,0,46283,4,1,3,3,Yes,,,,46251.62432
,IF0271,K AND K QUALICARS CAR TRADING,Malou Alfonso,Rose Batacan,0,0,0,0,0,0,0,0,,,,,Open,Finsso: Open | Netbank: Pending CLA Signature,,46189.55833,,0,0,0,0,0,0,,0,0,0,0,No
,IF0272,VY-KMY CAR TRADING,Malou Alfonso,Rose Batacan,1,3,0,0,0,0,0,0,17,,,,Open,Finsso: Open | Netbank: Pending CL,,,,0,0,0,0,0,0,,0,0,0,0,No
,IF0273,RJB AUTO MART,Marah Luriely A. Villaruz,Rhoyland Alagon,1,2,1,0,495720,495720,495720,0,81.66666667,,,,Open,,,,,2,2,0,0.001700926135,0,0,,0,0,0,0,No
,IF0274,BONG T AUTO SHOP,Marah Luriely A. Villaruz,Rhoyland Alagon,0,0,0,0,0,0,0,0,,,,,Open,Finsso: Open | Netbank: Pending CLA Signature,,46189.56181,,0,0,0,0,0,0,,0,0,0,0,No
,IF0275,JOM CAR TRADING,Marah Luriely A. Villaruz,Elvira Ladea,0,1,0,3,811800,811800,0,811800,205,,138.25,46097,Blacklisted,15 DPD,46097,,,3,0,3,0.002785467272,186,180,46154,3,0,3,0,No,,,,46190.65122
,IF0276,R.A.S. CONVENIENCE STORE,Albert Dalupang,Albert Dalupang,0,14,2,1,3171000,3171000,2481000,690000,69.23529412,,1.714285714,46280,Open,,,,,23,15,8,0.01088040986,3,3,46282,8,6,2,0,No
,IF0277,MELODYCARS CAR TRADING,Albert Dalupang,Albert Dalupang,0,20,1,0,0,735000,735000,0,22.5,,,,Open,,,,,10,5,5,0,0,0,,0,0,0,0,No
,IF0278,RJDG CUSTOMIZER AUTO SHOP,Marah Luriely A. Villaruz,Elvira Ladea,0,6,3,0,670000,670000,670000,0,70.66666667,,6,,Open,,,,,5,5,0,0.002298919774,0,0,46211,1,1,0,0,No
,IF0279,BHANONG CAR REPAIR SHOP,Marah Luriely A. Villaruz,Rhoyland Alagon,0,0,0,0,0,0,0,0,,,,,Open,Finsso: Open | Netbank: Pending CLA Signature,,46189.56528,,0,0,0,0,0,0,,0,0,0,0,No
,IF0280,OTOMAGIC AUTO SHOP,Malou Alfonso,Myrnalyn Bankingkito,0,0,0,0,0,0,0,0,,,,,Open,Finsso: Open | Netbank: Pending CLA Signature,,46189.57361,,0,0,0,0,0,0,,0,0,0,0,No
,IF0281,CARCASTLE AUTO TRADING,Malou Alfonso,Rose Batacan,0,3,1,0,400000,400000,400000,0,19.25,,,,Open,,,,,0,0,0,0.001372489417,0,0,,0,0,0,0,No
,IF0282,FA AUTO TRADING,Malou Alfonso,Myrnalyn Bankingkito,0,0,0,0,0,0,0,0,,,,,Open,Finsso: Open | Netbank: Pending CLA Signature,,46189.59861,,0,0,0,0,0,0,,0,0,0,0,No
,IF0283,CRISJANE CAR TRADING,Albert Dalupang,Albert Dalupang,0,0,0,0,0,0,0,0,,,,,Hold,Pending CLA Signature,,46189.60625,,0,0,0,0,0,0,,0,0,0,0,No
,IF0284,PAWNAGE CAR TRADING,Malou Alfonso,Rose Batacan,1,1,0,0,0,0,0,0,71,,12,,Open,Finsso: Open | Netbank: Pending CLA Signature,,46189.60903,,0,0,0,0,0,0,,0,0,0,0,No
,IF0285,RB AUTO BODY REPAIR SERVICE,Marah Luriely A. Villaruz,Rhoyland Alagon,0,1,1,0,381200,381200,381200,0,59,,7,,Open,,,,,0,0,0,0.001307982415,0,0,,0,0,0,0,No
,IF0286,RLP TRADING INC,Malou Alfonso,Myrnalyn Bankingkito,0,8,2,0,2450344.011,2450344.011,2450344.011,0,83.4,,,,Hold,Multiple Failure Audits,,46276.68425,46276.68425,10,0,10,0.00840767806,0,0,46241,4,0,4,0,Yes
,IF0287,BOSS CAR TRADING,Malou Alfonso,Myrnalyn Bankingkito,0,4,0,3,1050000,1050000,0,1050000,125.4285714,,144.5,46088,Blacklisted,15 DPD,46088,,,3,0,3,0.00360278472,195,185,46140,3,0,3,0,No,,,,46190.65122
,IF0288,PWESTO VEHICULO AUTO TRADING,Malou Alfonso,Rose Batacan,0,0,0,0,0,0,0,0,,,,,Open,Finsso: Open | Netbank: Pending CLA Signature,,46189.74792,,0,0,0,0,0,0,,0,0,0,0,No
,IF0289,LMK-KJM TRADING,Albert Dalupang,Zhesa Resurrecion,0,1,0,0,0,0,0,0,29,,,,Open,Finsso: Open | Netbank: Pending CLA Signature,,46184.44931,,0,0,0,0,0,0,,0,0,0,0,No
,IF0290,BPG CAR TRADING,Marah Luriely A. Villaruz,Elvira Ladea,0,2,0,0,0,0,0,0,56,,4,,Open,Finsso: Open | Netbank: Pending CLA Signature,,46184.45694,,0,0,0,0,0,0,,0,0,0,0,No
,IF0291,FOUR BOYS CAR TRADING,Albert Dalupang,Zhesa Resurrecion,0,7,1,0,550000,550000,550000,0,86.25,,8.5,,Open,Finsso: Open | Netbank: Pending CLA Signature,,46189.74236,,18,14,4,0.001887172949,0,0,46272,1,1,0,0,No
,IF0292,NVM CAR TRADING,Malou Alfonso,Rose Batacan,0,0,0,0,0,0,0,0,,,,,Hold,Pending CLA Signature,,46184.46111,,0,0,0,0,0,0,,0,0,0,0,No
,IF0293,CHRIS AUTO TRADING,Malou Alfonso,Rose Batacan,0,7,0,1,228467.7855,228467.7855,0,228467.7855,63.625,,22.75,46216,Blacklisted,15 DPD,46216,,,3,0,3,0.0007839240444,67,67,46181,2,0,2,0,Yes,,,,46190.65122
,IF0294,WILLY'S CAR/AIRCON AUTO ELECTRICAL SHOP,Marah Luriely A. Villaruz,Rhoyland Alagon,0,0,0,0,0,0,0,0,,,,,Open,Finsso: Open | Netbank: Pending CLA Signature,,46184.56319,,0,0,0,0,0,0,,0,0,0,0,No
,IF0295,POPOY'S AUTO SHOP,Albert Dalupang,Zhesa Resurrecion,0,5,1,0,705000,705000,705000,0,85.5,,10.2,,Open,,,,,12,9,3,0.002419012598,0,0,,0,0,0,0,No
,IF0296,DIONY CAR TRADING,Albert Dalupang,Albert Dalupang,0,8,5,0,1979300,1979300,1979300,0,46.30769231,,11.5,,Open,Reassessed - 07/09/2026 | Finsso: Open | Netbank: Open,,,,6,4,2,0.006791420759,0,0,,0,0,0,0,No,,,46212,46200.04094
,IF0297,ERIC C A R DISPLAY AUTO TRADING,Albert Dalupang,Ricmar Magboo,0,0,0,0,0,0,0,0,,,,,Open,Finsso: Open | Netbank: Pending CLA Signature,,46160.58264,,0,0,0,0,0,0,,0,0,0,0,No
,IF0298,D.R.C. AUTOS AUTO TRADING,Marah Luriely A. Villaruz,Elvira Ladea,0,1,0,0,0,0,0,0,95,,15,,Open,Finsso: Open | Netbank: Pending CL,,,,0,0,0,0,0,0,,0,0,0,0,No
,IF0299,AMJ AUTOMOTIVE CARE SERVICES,Malou Alfonso,Myrnalyn Bankingkito,0,1,0,0,0,0,0,0,117,,27,,Open,Finsso: Open | Netbank: Pending CL,,,,0,0,0,0,0,0,,0,0,0,0,No
,IF0300,WHEELS AND DEALS CAR TRADING,Albert Dalupang,Albert Dalupang,0,4,0,0,0,0,0,0,18,,,,Open,,,,,0,0,0,0,0,0,,0,0,0,0,No
,IF0301,R.J USEDCAR AND ARMORING CAR AGENT SERVICES,Marah Luriely A. Villaruz,Elvira Ladea,0,5,0,0,0,0,0,0,91.4,,10,,Open,,,,,0,0,0,0,0,0,,0,0,0,0,No
,IF0302,RODCARS AUTO TRADING,Malou Alfonso,Myrnalyn Bankingkito,0,1,0,1,200000,200000,0,200000,165.5,,207,46076,Blacklisted,15 DPD,46076,,,2,0,2,0.0006862447086,207,207,46184,2,0,2,0,Yes,,,,46190.65122
,IF0303,EM-PIRE AUTO TRADING,Malou Alfonso,Rose Batacan,0,0,0,0,0,0,0,0,,,,,Open,Finsso: Open | Netbank: Pending CLA Signature,,46160.62569,,0,0,0,0,0,0,,0,0,0,0,No
,IF0304,AUTOBERNZ CAR SERVICES,Albert Dalupang,Zhesa Resurrecion,0,0,0,0,0,0,0,0,,,,,Open,Finsso: Open | Netbank: Pending CLA Signature,,46160.64514,,0,0,0,0,0,0,,0,0,0,0,No
,IF0305,RTR AUTO TRADING,Malou Alfonso,Myrnalyn Bankingkito,0,2,0,1,162000,162000,0,162000,138.3333333,,119.5,46097,Blacklisted,15 DPD,46097,,,2,0,2,0.000555858214,186,186,46140,1,0,1,0,No,,,,46190.65122
,IF0306,MAPZ CAR TRADING,Albert Dalupang,Zhesa Resurrecion,0,10,2,0,728040,728040,728040,0,39,,,,Open,,,,,10,6,4,0.002498067988,0,0,46282,3,2,1,0,No
,IF0307,BOKNEE AUTO TRADING,Malou Alfonso,Rose Batacan,0,0,0,0,0,0,0,0,,,,,Open,Finsso: Open | Netbank: Pending CLA Signature,,46160.64861,,0,0,0,0,0,0,,0,0,0,0,No
,IF0308,T3 AUTO TRADING,Albert Dalupang,Zhesa Resurrecion,1,5,0,1,264870,264870,0,264870,103.8333333,,28,46190,Blacklisted,15 DPD,46190,,,10,1,9,0.0009088281799,93,93,46218,3,0,3,0,Yes,,,,46205.04095
,IF0309,4BROTHERSAUTOSALES CAR TRADING,Malou Alfonso,Rose Batacan,0,3,0,0,0,0,0,0,90.66666667,,1,,Blacklisted,Manual,46237,,,2,2,0,0,0,0,,0,0,0,0,No,46237,Related Entity to JKARS and XKK,,46237.74927
,IF0310,WARDS CAR TRADING,Malou Alfonso,Myrnalyn Bankingkito,0,0,0,0,0,0,0,0,,,,,Open,Finsso: Open | Netbank: Pending CLA Signature,,46160.65625,,0,0,0,0,0,0,,0,0,0,0,No
,IF0311,JV AUTOCARS CAR TRADING,Marah Luriely A. Villaruz,Rhoyland Alagon,0,0,0,0,0,0,0,0,,,,,Open,Finsso: Open | Netbank: Pending CLA Signature,,46160.66042,,0,0,0,0,0,0,,0,0,0,0,No
,IF0312,JTRS AUTO TRADING,Albert Dalupang,Albert Dalupang,2,9,3,0,851000,851000,851000,0,82.5,,8.375,,Open,,,,,15,8,7,0.002919971235,0,0,46237,2,1,1,0,No
,IF0313,MG'S/CCTV/ & /INTERNET/INFORMATION SERVICES,Albert Dalupang,Ricmar Magboo,0,0,0,0,0,0,0,0,,,,,Open,Finsso: Open | Netbank: Pending CL,,,,0,0,0,0,0,0,,0,0,0,0,No
,IF0314,J'WERKS CAR WASH,Marah Luriely A. Villaruz,Elvira Ladea,0,0,0,0,0,0,0,0,,,,,Open,Finsso: Open | Netbank: Pending CLA Signature,,46190.48264,,0,0,0,0,0,0,,0,0,0,0,No
,IF0315,MNM CAR TRADING,Malou Alfonso,Candyce Aguete,0,4,0,0,0,0,0,0,102.75,,25,,Blacklisted,Locked by Timestamp,46190.65122,,,5,5,0,0,0,0,,0,0,0,0,No,,,,46190.65122
,IF0316,AUTOLEX FINANCIAL CONSULTANCY SERVICES,Marah Luriely A. Villaruz,Rhoyland Alagon,0,0,0,0,0,0,0,0,,,,,Open,,,,,0,0,0,0,0,0,,0,0,0,0,No
,IF0317,ZSM LOGISTICS SERVICES,Marah Luriely A. Villaruz,Elvira Ladea,0,0,0,1,340000,340000,0,340000,294,,235,46048,Blacklisted,15 DPD,46048,,,1,0,1,0.001166616005,235,235,46135,1,0,1,0,No,,,,46190.65122
,IF0318,ITEQ AUTO CENTRUM,Malou Alfonso,Rose Batacan,0,0,0,0,0,0,0,0,,,,,Open,Finsso: Open | Netbank: Pending CLA Signature,,46140.43819,,0,0,0,0,0,0,,0,0,0,0,No
,IF0319,JHAYS CAR TRADING,Albert Dalupang,Ricmar Magboo,0,0,0,0,0,0,0,0,,,,,Open,Finsso: Open | Netbank: Pending CLA Signature,,46174.43681,,0,0,0,0,0,0,,0,0,0,0,No
,IF0320,AUTO-IN AUTO TRADING,Malou Alfonso,Myrnalyn Bankingkito,0,2,0,0,0,0,0,0,99,,18,,Blacklisted,Locked by Timestamp,46224.04093,,,1,0,1,0,0,0,,0,0,0,0,No,,,,46224.04093
,IF0321,AUTONEH CAR TRADING,Malou Alfonso,Myrnalyn Bankingkito,0,1,1,0,340200,340200,340200,0,96.5,,21.665625,46279.66875,Open,,,,,2,2,0,0.001167302249,3.33125,3.33125,,0,0,0,0,No
,IF0322,BUENAFE TRADING,Albert Dalupang,Zhesa Resurrecion,0,1,0,0,0,0,0,0,96,,5,,Open,Finsso: Open | Netbank: Pending CLA Signature,,46174.48125,,1,0,1,0,0,0,,0,0,0,0,No
,IF0323,DM CAR SHOP,Malou Alfonso,Myrnalyn Bankingkito,0,2,0,0,0,0,0,0,15,,,,Open,Finsso: Open | Netbank: Pending CLA Signature,,46174.48611,,0,0,0,0,0,0,,0,0,0,0,No
,IF0324,IJ CAR AGENT SERVICES,Marah Luriely A. Villaruz,Elvira Ladea,0,0,0,1,63703,63703,0,63703,269,,179,46104,Blacklisted,15 DPD,46104,,,2,1,1,0.0002185792334,179,179,46118,2,1,1,0,No,,,,46190.65122
,IF0325,FRANK&CHEVY CAR TRADING,Malou Alfonso,Rose Batacan,0,1,1,0,213000,213000,213000,0,32.5,,,,Open,,,,,1,1,0,0.0007308506147,0,0,,0,0,0,0,No
,IF0326,UTOLCARTRADING NON-SPECIALIZED WHOLESALE TRADING,Marah Luriely A. Villaruz,Elvira Ladea,0,3,0,0,0,0,0,0,24.66666667,,,,Open,Finsso: Open | Netbank: Pending CLA Signature,,46160.70278,,0,0,0,0,0,0,,0,0,0,0,No
,IF0327,STRENGTHPROJECT SPORTS CONSULTANCY,Marah Luriely A. Villaruz,Rhoyland Alagon,1,2,0,0,0,0,0,0,78.5,,8,,Open,,,,,2,1,1,0,0,0,,0,0,0,0,No
,IF0328,I.V CAR TRADING,Marah Luriely A. Villaruz,Rhoyland Alagon,0,3,1,0,1000000,1000000,1000000,0,32.25,,,,Open,,,,,0,0,0,0.003431223543,0,0,,0,0,0,0,No
,IF0329,MAZCOR AUTO TRADING,Albert Dalupang,Zhesa Resurrecion,0,0,0,0,0,0,0,0,,,,,Open,Finsso: Open | Netbank: Pending CLA Signature,,46140.45972,,0,0,0,0,0,0,,0,0,0,0,No
,IF0330,29MMCARHUB MANILA CAR PAINT SERVICES,Malou Alfonso,Myrnalyn Bankingkito,1,7,0,3,850000,850000,0,850000,116.8,,75.28571429,46137,Blacklisted,15 DPD,46137,,,12,5,7,0.002916540012,146,136,46157,9,5,4,0,No,,,,46190.65122
,IF0331,GIBO CAR TRADING,Malou Alfonso,Myrnalyn Bankingkito,0,7,0,0,0,0,0,0,63.57142857,,29.5,,Blacklisted,Locked by Timestamp,46190.65122,,,5,0,5,0,0,0,,0,0,0,1,No,,,,46190.65122
,IF0332,DLA'S AUTO TRADING,Malou Alfonso,Myrnalyn Bankingkito,0,3,0,0,0,0,0,0,31.33333333,,,,Open,,,,,0,0,0,0,0,0,,0,0,0,0,No
,IF0333,ZC AUTO TRADING,Malou Alfonso,Myrnalyn Bankingkito,2,3,0,0,0,0,0,0,70.66666667,,1.5,,Open,,,,,0,0,0,0,0,0,,0,0,0,0,No
,IF0334,JAGSON AUTO TRADING,Marah Luriely A. Villaruz,Rhoyland Alagon,0,3,2,0,502245,502245,502245,0,59.6,,,,Open,,,,,2,2,0,0.001723314868,0,0,46209,1,1,0,0,No
,IF0335,DECK AUTO TRADING,Malou Alfonso,Rose Batacan,0,2,1,0,400000,400000,400000,0,67,,,,Open,,,,,0,0,0,0.001372489417,0,0,,0,0,0,0,No
,IF0336,GLLEGACY CAR TRADING,Marah Luriely A. Villaruz,Elvira Ladea,0,10,4,0,1950000,1950000,1950000,0,48.64285714,,7,46282.70625,Open,,,,,14,12,2,0.006690885909,0,0,46268,2,2,0,0,No
,IF0337,RMMZ CAR TRADING,Marah Luriely A. Villaruz,Rhoyland Alagon,0,0,0,0,0,0,0,0,,,,,Open,Finsso: Open | Netbank: Pending CLA Signature,,46160.74792,,0,0,0,0,0,0,,0,0,0,0,No
,IF0338,SASAKYAN DEALSPH CAR TRADING,Marah Luriely A. Villaruz,Elvira Ladea,0,3,1,0,238500,238500,238500,0,45.5,,16,,Open,Reassessed - 08/12/2026 | Finsso: Open | Netbank: Open,,,,2,1,1,0.0008183468151,0,0,,0,0,0,0,No,,,46246,46174
,IF0339,DM AUTO TRADING,Marah Luriely A. Villaruz,Elvira Ladea,0,0,0,0,0,0,0,0,,,,,Open,Finsso: Open | Netbank: Pending CL,,,,0,0,0,0,0,0,,0,0,0,0,No
,IF0340,TF888 CAR TRADING,Malou Alfonso,Myrnalyn Bankingkito,0,4,1,0,207000,207000,207000,0,36.4,,17,,Open,,,,,2,1,1,0.0007102632734,0,0,,0,0,0,0,No
,IF0341,IVAN MOVES TIRE SUPPLY,Malou Alfonso,Myrnalyn Bankingkito,0,0,0,0,0,0,0,0,,,,,Open,Finsso: Open | Netbank: Pending CLA Signature,,46160.75139,,0,0,0,0,0,0,,0,0,0,0,No
,IF0342,ESPPLATON CAR TRADING,Malou Alfonso,Myrnalyn Bankingkito,0,1,1,0,600000,600000,600000,0,36.5,,,,Open,,,,,0,0,0,0.002058734126,0,0,,0,0,0,0,No
,IF0343,F20 CAR CARE CENTER,Malou Alfonso,Candyce Aguete,0,0,0,0,0,0,0,0,,,,,Open,Finsso: Open | Netbank: Pending CL,,,,0,0,0,0,0,0,,0,0,0,0,No
,IF0344,G REN CAR TRADING,Albert Dalupang,Albert Dalupang,0,6,2,0,811234,811234,811234,0,60.875,,,,Open,,,,,15,11,4,0.0027835252,0,0,46268,2,2,0,0,No
,IF0345,WHEELDEALS CAR AGENT SERVICES,Albert Dalupang,Albert Dalupang,2,4,1,0,238140,238140,238140,0,30.4,,,,Open,,,,,0,0,0,0.0008171115746,0,0,,0,0,0,0,No
,IF0346,KOTSE-KOTSEHAN AUTO TRADING,Malou Alfonso,Candyce Aguete,0,0,1,0,1000000,1000000,1000000,0,24,,,,Open,,,,,0,0,0,0.003431223543,0,0,,0,0,0,0,No
,IF0347,TAMBAY.GARAGE AUTO TRADING,Malou Alfonso,Candyce Aguete,0,0,0,0,0,0,0,0,,,,,Open,Finsso: Open | Netbank: Pending CLA Signature,,46161.41944,,0,0,0,0,0,0,,0,0,0,0,No
,IF0348,TOL DENZ CAR TRADING,Marah Luriely A. Villaruz,Rhoyland Alagon,0,0,0,0,0,0,0,0,,,,,Open,Finsso: Open | Netbank: Pending CLA Signature,,46140.49375,,0,0,0,0,0,0,,0,0,0,0,No
,IF0349,VECTORTECH AUTO TRADING,Albert Dalupang,Albert Dalupang,0,2,2,0,830000,830000,830000,0,90.5,,14.66666667,46263,Blacklisted,15 DPD,46263,,,8,7,1,0.002847915541,20,20,46269,4,3,1,0,No,,,,46278.04094
,IF0350,XXTREME VEHICLE TRADING,Marah Luriely A. Villaruz,Elvira Ladea,0,3,0,3,586800,586800,0,586800,117.5,,77.5,46167,Blacklisted,15 DPD,46167,,,11,7,4,0.002013441975,116,88,46196,9,5,4,0,Yes,,,,46190.65122
,IF0351,MICHAELMILLICENT AUTO TRADING,Marah Luriely A. Villaruz,Elvira Ladea,0,4,1,0,401000,401000,401000,0,42,,14.5,,Open,,,,,6,5,1,0.001375920641,0,0,46272,1,1,0,1,No
,IF0352,JED CARS AUTO TRADING,Malou Alfonso,Myrnalyn Bankingkito,0,0,0,0,0,0,0,0,,,,,Open,Finsso: Open | Netbank: Pending CLA Signature,,46161.45347,,0,0,0,0,0,0,,0,0,0,0,No
,IF0353,AMBJ CAR TRADING,Malou Alfonso,Candyce Aguete,2,1,0,0,0,0,0,0,160,,70,,Blacklisted,Locked by Timestamp,46218.04093,,,0,0,0,0,0,0,,0,0,0,0,No,,,,46218.04093
,IF0354,PAGUICAN CAR TRADING,Albert Dalupang,Albert Dalupang,0,0,0,0,0,0,0,0,,,,,Hold,Pending CLA Signature,,46161.45694,,0,0,0,0,0,0,,0,0,0,0,No
,IF0355,MFB SM3 AUTO TRADING,Malou Alfonso,Candyce Aguete,0,0,0,0,0,0,0,0,,,,,Open,Finsso: Open | Netbank: Pending CLA Signature,,46161.46111,,0,0,0,0,0,0,,0,0,0,0,No
,IF0356,JAM AND POPOY AUTO TRADING,Albert Dalupang,Zhesa Resurrecion,0,0,0,0,0,0,0,0,,,,,Open,Finsso: Open | Netbank: Pending CLA Signature,,46161.46458,,0,0,0,0,0,0,,0,0,0,0,No
,IF0357,BMWHEELS CAR TRADING,Malou Alfonso,Myrnalyn Bankingkito,0,1,0,0,0,0,0,0,88,,,,Open,Finsso: Open | Netbank: Pending CLA Signature,,46170.48472,,2,1,1,0,0,0,,0,0,0,0,No
,IF0358,MIKOTSE CORP,Albert Dalupang,Albert Dalupang,0,2,3,0,2100000,2100000,2100000,0,34.2,,,,Open,,,,,0,0,0,0.007205569441,0,0,,0,0,0,0,No
,IF0359,TRIPLE T AUTO SHOP,Albert Dalupang,Ricmar Magboo,0,0,0,0,0,0,0,0,,,,,Open,Finsso: Open | Netbank: Pending CLA Signature,,46174.55486,,0,0,0,0,0,0,,0,0,0,0,No
,IF0360,P.C.GARAGE AUTO TRADING,Malou Alfonso,Candyce Aguete,0,0,0,0,0,0,0,0,,,,,Open,Finsso: Open | Netbank: Pending CL,,,,0,0,0,0,0,0,,0,0,0,0,No
,IF0361,ELJ CAR TRADING,Marah Luriely A. Villaruz,Rhoyland Alagon,0,4,3,0,1286050,1286050,1286050,0,66,,6,,Open,,,,,9,8,1,0.004412725038,0,0,46280,3,3,0,0,No
,IF0362,JKDCARS CAR AGENT SERVICES,Marah Luriely A. Villaruz,Herbert Capistrano,0,7,3,0,981750,981750,981750,0,31.1,,,,Open,,,,,5,1,4,0.003368603714,0,0,,0,0,0,0,No
,IF0363,TOP INSTA CONSTRUCTION CORPORATION,Marah Luriely A. Villaruz,Herbert Capistrano,0,1,2,0,190776.95,699999.95,699999.95,0,77.5,,1,,Open,,,,,2,0,2,0.0006545983623,0,0,,0,0,0,1,No
,IF0364,RANDEL MARKETING,Malou Alfonso,Myrnalyn Bankingkito,0,0,0,2,885000,885000,0,885000,201,,142,46139,Blacklisted,15 DPD,46139,,,2,0,2,0.003036632836,144,140,46154,2,0,2,0,No,,,,46190.65122
,IF0365,CAR TRADING RGARAGE,Marah Luriely A. Villaruz,Rhoyland Alagon,0,2,0,0,0,0,0,0,31,,,,Open,,,,,0,0,0,0,0,0,,0,0,0,0,No
,IF0366,DREAM CAR AUTO TRADING,Albert Dalupang,Albert Dalupang,0,0,0,0,0,0,0,0,,,,,Open,Finsso: Open | Netbank: Pending CLA Signature,,46174.5625,,0,0,0,0,0,0,,0,0,0,0,No
,IF0367,OTOMAZING AUTO TRADING,Marah Luriely A. Villaruz,Elvira Ladea,0,0,0,1,400000,400000,0,400000,143,,114,46169,Blacklisted,15 DPD,46169,,,0,0,0,0.001372489417,114,114,,0,0,0,0,No,,,,46190.65122
,IF0368,F&J VEHICLE TRADING,Albert Dalupang,Albert Dalupang,0,1,0,0,0,0,0,0,3,,,,Open,Finsso: Open | Netbank: Pending CLA Signature,,46162.65278,,0,0,0,0,0,0,,0,0,0,0,No
,IF0369,KENNAR AUTO SHOP,Marah Luriely A. Villaruz,Herbert Capistrano,2,1,3,0,1775000,1775000,1775000,0,38.25,,,,Open,,,,,1,1,0,0.006090421789,0,0,,0,0,0,0,No
,IF0370,IACARS AUTOCARE AND AUTOTRADING AUTO SERVICES,Marah Luriely A. Villaruz,Rhoyland Alagon,0,0,0,0,0,0,0,0,,,,,Hold,Pending CLA Signature,,46162.72778,,0,0,0,0,0,0,,0,0,0,0,No
,IF0371,GEAR SHIFT AUTO SHOP,Marah Luriely A. Villaruz,Rhoyland Alagon,0,0,0,0,0,0,0,0,,,,,Open,Finsso: Open | Netbank: Pending CLA Signature,,46162.73889,,0,0,0,0,0,0,,0,0,0,0,No
,IF0372,A.M CAR.S CAR AND TRUCK TRADING,Albert Dalupang,Ricmar Magboo,0,0,0,0,0,0,0,0,,,,,Open,Finsso: Open | Netbank: Pending CLA Signature,,46174.57292,,0,0,0,0,0,0,,0,0,0,0,No
,IF0373,DALYO CAR PAINT SERVICES,Albert Dalupang,Zhesa Resurrecion,0,0,0,0,0,0,0,0,,,,,Open,,,,,0,0,0,0,0,0,,0,0,0,0,No
,IF0374,CROWNMOTORCARS AUTO TRADING,Marah Luriely A. Villaruz,Rhoyland Alagon,0,0,0,0,0,0,0,0,,,,,Open,Finsso: Open | Netbank: Pending CLA Signature,,46164.42014,,0,0,0,0,0,0,,0,0,0,0,No
,IF0375,JCP VEHICLE TRADING,Malou Alfonso,Myrnalyn Bankingkito,0,7,2,0,921600,921600,921600,0,49.66666667,,,,Open,,,,,10,8,2,0.003162215617,0,0,46275,3,3,0,0,No
,IF0376,CARS-R-US AUTO TRADING,Malou Alfonso,Candyce Aguete,0,0,0,0,0,0,0,0,,,,,Hold,Pending CLA Signature,,46164.42361,,0,0,0,0,0,0,,0,0,0,0,No
,IF0377,K/L CAR TRADING,Albert Dalupang,Ricmar Magboo,0,1,0,0,0,0,0,0,99,,9,,Open,Finsso: Open | Netbank: Pending CLA Signature,,46170.57222,,2,2,0,0,0,0,,0,0,0,0,No
,IF0378,CARMAX SALES AND SERVICE INC.,Albert Dalupang,Albert Dalupang,0,0,0,0,0,0,0,0,,,,,Hold,Pending CLA Signature,,46191.61458,,0,0,0,0,0,0,,0,0,0,0,No
,IF0379,J AND J CAR TRADING,Albert Dalupang,Ricmar Magboo,0,0,0,0,0,0,0,0,,,,,Open,Finsso: Open | Netbank: Pending CLA Signature,,46175.44583,,0,0,0,0,0,0,,0,0,0,0,No
,IF0380,R&A COUSIN CAR TRADING,Marah Luriely A. Villaruz,Herbert Capistrano,0,0,0,0,0,0,0,0,,,,,Open,Finsso: Open | Netbank: Pending CLA Signature,,46164.43194,,0,0,0,0,0,0,,0,0,0,0,No
,IF0381,CARATE AUTO TRADING,Marah Luriely A. Villaruz,Elvira Ladea,1,6,2,0,540000,540000,540000,0,47.5,,6.5,,Hold,Multiple Failure Audits,,46276.68425,46276.68425,17,7,10,0.001852860713,0,0,46268,5,2,3,1,Yes
,IF0382,C.B AUTOWORKS VEHICLE TRADING,Malou Alfonso,Rose Batacan,0,2,2,0,854280,854280,854280,0,78.5,,1,,Open,,,,,5,4,1,0.002931225648,0,0,46240,3,3,0,0,No
,IF0383,BIGBOY CAR TRADING,Marah Luriely A. Villaruz,Rhoyland Alagon,0,1,2,0,697000,697000,697000,0,15,,,,Open,,,,,0,0,0,0.00239156281,0,0,,0,0,0,0,No
,IF0384,R.C CAR TRADING,Albert Dalupang,Ricmar Magboo,0,0,0,0,0,0,0,0,,,,,Open,Finsso: Open | Netbank: Pending CLA Signature,,46175.45833,,0,0,0,0,0,0,,0,0,0,0,No
,IF0385,LR G.A.R.A.G.E CAR TRADING,Albert Dalupang,Ricmar Magboo,0,2,1,0,400000,400000,400000,0,53.33333333,,,,Open,,,,,2,2,0,0.001372489417,0,0,46282,1,1,0,0,No
,IF0386,NCD CAR TRADING,Marah Luriely A. Villaruz,Elvira Ladea,0,7,0,1,201130.85,201130.85,0,201130.85,85.25,,33.83333333,46165,Blacklisted,15 DPD,46165,,,14,1,13,0.0006901249078,118,118,46171,3,1,2,5,Yes,,,,46190.65122
,IF0387,G CARS AUTO TRADING,Malou Alfonso,Myrnalyn Bankingkito,0,0,0,0,0,0,0,0,,,,,Open,Finsso: Open | Netbank: Pending CLA Signature,,46164.47083,,0,0,0,0,0,0,,0,0,0,0,No
,IF0388,NCARS- CAR TRADING ,Marah Luriely A. Villaruz,Elvira Ladea,0,2,0,0,0,0,0,0,60,,7,,Open,,,,,0,0,0,0,0,0,,0,0,0,0,No
,IF0389,APOGARAGE CAR AGENT SERVICE,Marah Luriely A. Villaruz,Elvira Ladea,0,4,3,0,500000,500000,500000,0,40.42857143,,6,,Open,,,,,6,4,2,0.001715611772,0,0,,0,0,0,1,No
,IF0390,BOMBAWORX MOTOR VEHICLE SHOP,Marah Luriely A. Villaruz,Rhoyland Alagon,0,1,0,1,161908.25,161908.25,0,161908.25,77.5,,37,46246,Blacklisted,15 DPD,46246,,,3,2,1,0.0005555433992,37,37,46244,3,2,1,0,No,,,,46200.04094
,IF0391,FERCASIO CAR TRADING,Malou Alfonso,Candyce Aguete,0,0,0,0,0,0,0,0,,,,,Open,,,,,0,0,0,0,0,0,,0,0,0,0,No
,IF0392,AYNS CARPRO AUTO TRADING,Malou Alfonso,Myrnalyn Bankingkito,0,2,1,0,340200,340200,340200,0,46.33333333,,,,Open,,,,,2,2,0,0.001167302249,0,0,46226,1,1,0,0,No
,IF0393,AJYL CAR TRADING,Marah Luriely A. Villaruz,Rhoyland Alagon,0,1,1,1,1000000,1000000,519175,480825,91.66666667,,32.33333333,46241,Blacklisted,15 DPD,46241,,,8,4,4,0.003431223543,42,42,46274,5,2,3,0,No,,,46213,46212
,IF0394,GLS-MNL CAR COVER AND MOTOR COVER TRADING,Marah Luriely A. Villaruz,Elvira Ladea,0,0,0,0,0,0,0,0,,,,,Open,Finsso: Open | Netbank: Pending CLA Signature,,46175.46458,,0,0,0,0,0,0,,0,0,0,0,No
,IF0395,FINESTCARS AUTO TRADING,Malou Alfonso,Candyce Aguete,0,1,2,0,900000,900000,900000,0,65.66666667,,3.553472222,46279.44653,Open,,,,,1,0,1,0.003088101189,3.553472222,3.553472222,,0,0,0,0,No
,IF0396,JAYC AUTO CARE CENTER,Malou Alfonso,Myrnalyn Bankingkito,0,0,0,0,0,0,0,0,,,,,Hold,Pending CLA Signature,,46175.46806,,0,0,0,0,0,0,,0,0,0,0,No
,IF0397,JCARS PREOWNED AUTO TRADING,Marah Luriely A. Villaruz,Herbert Capistrano,0,0,0,0,0,0,0,0,,,,,Open,Finsso: Open | Netbank: Pending CLA Signature,,46175.475,,0,0,0,0,0,0,,0,0,0,0,No
,IF0398,PURPLEBLOOM CARZ CAR AGENT SERVICES,Albert Dalupang,Albert Dalupang,0,0,0,1,380000,380000,0,380000,142,,113,46170,Blacklisted,15 DPD,46170,,,2,0,2,0.001303864946,113,113,46178,2,0,2,0,Yes,,,,46190.65122
,IF0399,J2 AUTOHAUS AUTO TRADING,Marah Luriely A. Villaruz,Herbert Capistrano,0,0,0,0,0,0,0,0,,,,,Open,Finsso: Open | Netbank: Pending CLA Signature,,46175.48056,,0,0,0,0,0,0,,0,0,0,0,No
,IF0400,GOLDEN LUBE OIL CHANGE SERVICES,Marah Luriely A. Villaruz,Elvira Ladea,0,1,1,0,557000,557000,557000,0,58,,29,46254,Blacklisted,15 DPD,46254,,,0,0,0,0.001911191514,29,29,,0,0,0,0,No,,,,46276.66593
,IF0401,3A'S AUTO TRADING,Marah Luriely A. Villaruz,Rhoyland Alagon,1,1,1,0,226000,226000,226000,0,28,,,,Open,,,,,0,0,0,0.0007754565208,0,0,,0,0,0,0,No
,IF0402,BINANGONAN AUTO-PARTS VEHICLE PARTS TRADING,Marah Luriely A. Villaruz,Herbert Capistrano,0,0,0,0,0,0,0,0,,,,,Open,Finsso: Open | Netbank: Pending CL,,,,0,0,0,0,0,0,,0,0,0,0,No
,IF0403,LEAHFRAN CAR AGENT SERVICE,Marah Luriely A. Villaruz,Herbert Capistrano,0,1,1,0,200000,200000,200000,0,44.5,,,,Open,,,,,0,0,0,0.0006862447086,0,0,,0,0,0,0,No
,IF0404,JUANITO CAR TRADING,Marah Luriely A. Villaruz,Rhoyland Alagon,0,0,0,0,0,0,0,0,,,,,Open,Finsso: Open | Netbank: Pending CLA Signature,,46177.55208,,0,0,0,0,0,0,,0,0,0,0,No
,IF0405,RAVIANE AUTO SHOP,,,0,1,1,0,671490,671490,671490,0,73.5,,,,Open,,,,,3,1,2,0.002304032297,0,0,,0,0,0,0,No
,IF0406,HAROLD B G CAR TRADING,Marah Luriely A. Villaruz,Elvira Ladea,0,0,0,0,0,0,0,0,,,,,Open,Finsso: Open | Netbank: Pending CLA Signature,,46139,,0,0,0,0,0,0,,0,0,0,0,No
,IF0407,KABATANG CARWASH AND DETAILING SERVICES,Albert Dalupang,Ricmar Magboo,0,0,0,0,0,0,0,0,,,,,Open,Finsso: Open | Netbank: Pending CLA Signature,,46189.69444,,0,0,0,0,0,0,,0,0,0,0,No
,IF0408,RFB CAR TRADING,Albert Dalupang,Zhesa Resurrecion,0,1,0,0,0,0,0,0,90,,,,Open,,,,,0,0,0,0,0,0,,0,0,0,0,No
,IF0409,J&K CAR TRADING,Malou Alfonso,Rose Batacan,0,0,1,0,400000,400000,400000,0,30,,,46282.625,Open,,,,,0,0,0,0.001372489417,0,0,,0,0,0,0,No
,IF0410,PRIME CAR TRADING,Marah Luriely A. Villaruz,Rhoyland Alagon,0,0,1,0,277500,277500,277500,0,72,,43,46240,Blacklisted,15 DPD,46240,,,2,2,0,0.0009521645332,43,43,46245,2,2,0,0,No,,,,46255.04117
,IF0411,NOLD'S CARWASH SHOP,Malou Alfonso,Myrnalyn Bankingkito,0,0,0,0,0,0,0,0,,,,,Open,Finsso: Open | Netbank: Pending CLA Signature,,46189.72917,,0,0,0,0,0,0,,0,0,0,0,No
,IF0412,JRDC CAR TRADING,Marah Luriely A. Villaruz,Rhoyland Alagon,0,0,0,1,250000,250000,0,250000,135,,106,46177,Blacklisted,15 DPD,46177,,,2,0,2,0.0008578058858,106,106,46184,2,0,2,0,Yes,,,,46195.66593
,IF0413,ABBY CAR TRADING,Marah Luriely A. Villaruz,Rhoyland Alagon,0,0,0,0,0,0,0,0,,,,,Open,Finsso: Open | Netbank: Pending CL,,,,0,0,0,0,0,0,,0,0,0,0,No
,IF0414,M3AUTO VEHICLE TRADING,Malou Alfonso,Myrnalyn Bankingkito,0,0,0,0,0,0,0,0,,,,,Open,Finsso: Open | Netbank: Pending CL,,,,0,0,0,0,0,0,,0,0,0,0,No
,IF0415,RT061977 AUTO TRADING,Malou Alfonso,Myrnalyn Bankingkito,1,1,2,0,383700,383700,383700,0,33,,,,Open,,,,,1,0,1,0.001316560474,0,0,,0,0,0,0,No
,IF0416,JOEL AUTO TRADING,Malou Alfonso,Rose Batacan,0,0,0,0,0,0,0,0,,,,,Open,Finsso: Open | Netbank: Pending CLA Signature,,46177.57639,,0,0,0,0,0,0,,0,0,0,0,No
,IF0417,REY AUTO TRADING,Malou Alfonso,Rose Batacan,0,0,0,0,0,0,0,0,,,,,Open,Finsso: Open | Netbank: Pending CLA Signature,,46177.57986,,0,0,0,0,0,0,,0,0,0,0,No
,IF0418,4.BROTHERS AUTO TRADING,Albert Dalupang,Ricmar Magboo,0,0,0,0,0,0,0,0,,,,,Open,Finsso: Open | Netbank: Pending CLA Signature,,46177.59167,,0,0,0,0,0,0,,0,0,0,0,No
,IF0419,AE AUTOS QUALITY PRE OWNED CAR TRADING,Malou Alfonso,Candyce Aguete,0,0,0,0,0,0,0,0,,,,,Open,Finsso: Open | Netbank: Pending CLA Signature,,46177.62361,,0,0,0,0,0,0,,0,0,0,0,No
,IF0420,AYAT CAR TRADING,Malou Alfonso,Candyce Aguete,0,0,1,0,260000,260000,260000,0,35,,5.377083333,46277.62292,Hold,w/ Due Repayments - >= 5DPD,,46277.62292,,0,0,0,0.0008921181212,5.377083333,5.377083333,,0,0,0,0,No
,IF0421,CAR TRADING KUYA J,Malou Alfonso,Myrnalyn Bankingkito,0,0,1,0,198000,198000,198000,0,50,,,,Open,,,,,0,0,0,0.0006793822616,0,0,,0,0,0,0,No
,IF0422,GLAENER CAR TRADING,Malou Alfonso,Rose Batacan,0,0,0,0,0,0,0,0,,,,,Open,Finsso: Open | Netbank: Pending CLA Signature,,46177.66181,,0,0,0,,0,0,,0,0,0,0,No
,IF0423,KAMBAL MOTORCYCLE PARTS AND ACCESSORIES SHOP,Malou Alfonso,Candyce Aguete,0,0,0,0,0,0,0,0,,,,,Open,Finsso: Open | Netbank: Pending CLA Signature,,46177.66458,,0,0,0,,0,0,,0,0,0,0,No
,IF0424,PAPANODS CAR TRADING,Malou Alfonso,Rose Batacan,0,0,0,0,0,0,0,0,,,,,Open,Finsso: Open | Netbank: Pending CLA Signature,,46177.67639,,0,0,0,,0,0,,0,0,0,0,No
,IF0425,MARKPLAMENCO CAR TRADING,Marah Luriely A. Villaruz,Rhoyland Alagon,0,0,0,0,0,0,0,0,,,,,Open,Finsso: Open | Netbank: Pending CLA Signature,,46174.54792,,0,0,0,,0,0,,0,0,0,0,No
,IF0426,PAULO CAR TRADING,Marah Luriely A. Villaruz,Rhoyland Alagon,0,0,0,0,0,0,0,0,,,,,Open,Finsso: Open | Netbank: Pending CLA Signature,,46177.68056,,0,0,0,,0,0,,0,0,0,0,No
,IF0427,RPQCARS AUTO TRADING,Marah Luriely A. Villaruz,Herbert Capistrano,0,0,0,0,0,0,0,0,,,,,Open,Finsso: Open | Netbank: Pending CLA Signature,,46177.68403,,0,0,0,,0,0,,0,0,0,0,No
,IF0428,YAKI TIRE TRADING,Malou Alfonso,Myrnalyn Bankingkito,0,1,0,0,0,0,0,0,25,,,,Open,,,,,0,0,0,,0,0,,0,0,0,0,No
,IF0429,NFG CAR TRADING,Malou Alfonso,Reyzon Manaog,0,0,0,0,0,0,0,0,,,,,Open,Finsso: Open | Netbank: Pending CLA Signature,,46184.44722,,0,0,0,,0,0,,0,0,0,0,No
,IF0430,CARPIMP AUTO SHOP,Marah Luriely A. Villaruz,Herbert Capistrano,0,0,0,0,0,0,0,0,,,,,Open,Finsso: Open | Netbank: Pending CLA Signature,,46184.57292,,0,0,0,,0,0,,0,0,0,0,No
,IF0431,JOVENO AND ALERTA CAR TRADING,Malou Alfonso,Rose Batacan,0,0,1,0,251100,251100,251100,0,63,,,,Open,,,,,0,0,0,,0,0,,0,0,0,0,No
,IF0432,JAYSON-VLOG AUTO TRADING,Malou Alfonso,Rose Batacan,0,0,0,0,0,0,0,0,,,,,Open,Finsso: Open | Netbank: Pending CL,,,,0,0,0,,0,0,,0,0,0,0,No
,IF0433,AACARS AUTO TRADING,Marah Luriely A. Villaruz,Herbert Capistrano,0,0,1,0,374850,374850,374850,0,43,,,,Open,,,,,0,0,0,,0,0,,0,0,0,0,No
,IF0434,KANLAON.CARS AUTO TRADING,Malou Alfonso,Candyce Aguete,0,2,0,0,0,0,0,0,88,,,,Open,,,,,6,4,2,,0,0,,0,0,0,0,No
,IF0435,LOPEZ CAR TRADING,Malou Alfonso,Reyzon Manaog,0,0,0,0,0,0,0,0,,,,,Open,Finsso: Open | Netbank: Pending CL,,,,0,0,0,,0,0,,0,0,0,0,No
,IF0436,4RD AUTO TRADING,Marah Luriely A. Villaruz,Herbert Capistrano,1,0,0,0,0,0,0,0,,,,,Open,,,,,0,0,0,,0,0,,0,0,0,0,No
,IF0437,ALLGOOD AUTO TRADING,Albert Dalupang,Albert Dalupang,0,0,1,0,360000,360000,360000,0,84,,25,46258,Blacklisted,15 DPD,46258,,,4,1,3,,25,25,46273,4,1,3,0,Yes,,,,46273.04098
,IF0438,JOEMAY TRADING,Albert Dalupang,Zhesa Resurrecion,0,0,0,0,0,0,0,0,,,,,Open,Finsso: Open | Netbank: Pending CL,,,,0,0,0,,0,0,,0,0,0,0,No
,IF0439,JEAN ANDRIC CAR TRADING,Malou Alfonso,Candyce Aguete,0,0,0,0,0,0,0,0,,,,,Open,Finsso: Open | Netbank: Pending CL,,,,0,0,0,,0,0,,0,0,0,0,No
,IF0440,X2RAUTODEALS CAR TRADING,Albert Dalupang,Zhesa Resurrecion,0,0,1,0,0,700000,700000,0,,,,,Open,,,,,0,0,0,,0,0,,0,0,0,0,No
,IF0441,A&J CAR TRADING,Malou Alfonso,Myrnalyn Bankingkito,0,4,1,0,192000,192000,192000,0,20.6,,,,Open,,,,,0,0,0,,0,0,,0,0,0,0,No
,IF0442,RSCARS PASIG AUTO TRADING,Marah Luriely A. Villaruz,Elvira Ladea,0,0,0,0,0,0,0,0,,,,,Open,Finsso: Open | Netbank: Pending CLA Signature,,46196.67778,,0,0,0,,0,0,,0,0,0,0,No
,IF0443,FAMIL Y WHEE LS P. H CAR TRADING,Albert Dalupang,Ricmar Magboo,0,0,0,0,0,0,0,0,,,,,Open,Finsso: Open | Netbank: Pending CL,,,,0,0,0,,0,0,,0,0,0,0,No
,IF0444,JOEMAR CAR TRADING,Malou Alfonso,Myrnalyn Bankingkito,0,0,0,0,0,0,0,0,,,,,Open,Finsso: Open | Netbank: Pending CL,,,,0,0,0,,0,0,,0,0,0,0,No
,IF0445,JOEL BERNARDO CAR TRADING,Marah Luriely A. Villaruz,Rhoyland Alagon,0,0,0,0,0,0,0,0,,,,,Open,Finsso: Open | Netbank: Pending CL,,,,0,0,0,,0,0,,0,0,0,0,No
,IF0446,HEPLUCK CAR TRADING,Marah Luriely A. Villaruz,Herbert Capistrano,0,0,0,0,0,0,0,0,,,,,Open,Finsso: Open | Netbank: Pending CL,,,,0,0,0,,0,0,,0,0,0,0,No
,IF0447,MFJ CAR TRADING,Malou Alfonso,Rose Batacan,0,0,0,0,0,0,0,0,,,,,Open,Finsso: Open | Netbank: Pending CL,,,,0,0,0,,0,0,,0,0,0,0,No
,IF0448,BOSSS A SECONDHANDQUALITY CAR TRADING,Marah Luriely A. Villaruz,Elvira Ladea,0,0,1,0,512000,512000,512000,0,11,,,,Open,,,,,2,1,1,,0,0,46280,2,1,1,0,No
,IF0449,JAIME BARCIAL CAR TRADING,Marah Luriely A. Villaruz,Rhoyland Alagon,0,0,0,0,0,0,0,0,,,,,Open,Finsso: Open | Netbank: Pending CL,,,,0,0,0,,0,0,,0,0,0,0,No
,IF0450,PGGARAGE CAR TRADING,Marah Luriely A. Villaruz,Herbert Capistrano,0,0,0,0,0,0,0,0,,,,,Open,Finsso: Open | Netbank: Pending CL,,,,0,0,0,,0,0,,0,0,0,0,No
,IF0451,D3 AUTOHAUS CAR TRADING,Marah Luriely A. Villaruz,Herbert Capistrano,0,0,0,0,0,0,0,0,,,,,Open,Finsso: Open | Netbank: Pending CL,,,,0,0,0,,0,0,,0,0,0,0,No
,IF0452,TAKUSAWA AUTO TRADING,Malou Alfonso,Rose Batacan,0,0,0,0,0,0,0,0,,,,,Open,Finsso: Open | Netbank: Pending CL,,,,0,0,0,,0,0,,0,0,0,0,No
,IF0453,JNZ CAR TRADING,Albert Dalupang,Zhesa Resurrecion,0,0,0,0,0,0,0,0,,,,,Open,Finsso: Open | Netbank: Pending CL,,,,0,0,0,,0,0,,0,0,0,0,No
,IF0454,BEARD CAR TRADING,Marah Luriely A. Villaruz,Herbert Capistrano,0,0,0,0,0,0,0,0,,,,,Open,Finsso: Open | Netbank: Pending CL,,,,0,0,0,,0,0,,0,0,0,0,No
,IF0455,JDRED.GARAGE CAR TRADING,Albert Dalupang,Ricmar Magboo,0,0,1,0,0,500000,500000,0,,,,,Open,,,,,0,0,0,,0,0,,0,0,0,0,No
,IF0456,KAPATID AUTO TRADING,Albert Dalupang,Zhesa Resurrecion,0,4,3,0,1215000,1215000,1215000,0,26.71428571,,,,Open,,,,,3,3,0,,0,0,46261,2,2,0,0,No
,IF0457,JOHNMARK EDORA CAR TRADING,Marah Luriely A. Villaruz,Rhoyland Alagon,0,0,0,0,0,0,0,0,,,,,Open,Finsso: Open | Netbank: Pending CL,,,,0,0,0,,0,0,,0,0,0,0,No
,IF0458,LEOROMMEL AUTO SHOP,Albert Dalupang,Zhesa Resurrecion,0,2,2,0,714000,714000,714000,0,35.25,,,,Open,,,,,4,4,0,,0,0,46260,1,1,0,0,No
,IF0459,ONICHAN CAR TRADING,Marah Luriely A. Villaruz,Rhoyland Alagon,0,0,0,0,0,0,0,0,,,,,Hold,Finsso: Pending CLA Signature | Netbank: Pending CL,,46195.42569,,0,0,0,,0,0,,0,0,0,0,No
,IF0460,RONJE05 CAR TRADING,Malou Alfonso,Myrnalyn Bankingkito,0,0,1,0,213840,213840,213840,0,84,,,,Open,,,,,0,0,0,,0,0,,0,0,0,0,No
,IF0461,JC UNGAB CAR TRADING,Marah Luriely A. Villaruz,Rhoyland Alagon,0,0,0,0,0,0,0,0,,,,,Open,Finsso: Open | Netbank: Pending CL,,,,0,0,0,,0,0,,0,0,0,0,No
,IF0462,Z2.GARAGE CAR TRADING,Albert Dalupang,Ricmar Magboo,2,3,1,0,492000,492000,492000,0,23.25,,,,Open,,,,,0,0,0,,0,0,,0,0,0,0,No
,IF0463,MK88 CAR TRADING,Marah Luriely A. Villaruz,Elvira Ladea,0,1,1,0,592200,592200,592200,0,29,,,,Open,,,,,1,1,0,,0,0,46279,1,1,0,0,No
,IF0464,DAILYDRIVEN AUTO TRADING,Albert Dalupang,Zhesa Resurrecion,0,0,0,0,0,0,0,0,,,,,Open,Finsso: Open | Netbank: Pending CL,,,,0,0,0,,0,0,,0,0,0,0,No
,IF0465,RONY.082 AUTO TRADING,Malou Alfonso,Candyce Aguete,0,0,0,0,0,0,0,0,,,,,Open,Finsso: Open | Netbank: Pending CL,,,,0,0,0,,0,0,,0,0,0,0,No
,IF0466,RSPEED CAR TRADING,Marah Luriely A. Villaruz,Elvira Ladea,0,1,1,0,1000000,1000000,1000000,0,19,,,,Open,,,,,0,0,0,,0,0,,0,0,0,0,No
,IF0467,BJ CAR TRADING,Malou Alfonso,Candyce Aguete,0,0,0,0,0,0,0,0,,,,,Open,Finsso: Open | Netbank: Pending CL,,,,0,0,0,,0,0,,0,0,0,0,No
,IF0468,THEHANDJOB AUTO DETAILING SERVICES,,,0,0,0,0,0,0,0,0,,,,,Open,Finsso: Open | Netbank: Pending CL,,,,0,0,0,,0,0,,0,0,0,0,No
,IF0469,A S AUTO TRADING,Malou Alfonso,Myrnalyn Bankingkito,0,0,1,0,342000,342000,342000,0,1,,,,Open,,,,,0,0,0,,0,0,,0,0,0,0,No
,IF0470,ROROD AUTOWORK'S TRADING,Albert Dalupang,Zhesa Resurrecion,0,0,0,0,0,0,0,0,,,,,Open,Finsso: Open | Netbank: Pending CL,,,,0,0,0,,0,0,,0,0,0,0,No
,IF0471,DON ROBERT CAR TRADING,Marah Luriely A. Villaruz,Rhoyland Alagon,0,0,0,0,0,0,0,0,,,,,Open,Finsso: Open | Netbank: Pending CL,,,,0,0,0,,0,0,,0,0,0,0,No
,IF0472,C2G CAR TRADING,Albert Dalupang,Zhesa Resurrecion,0,0,0,0,0,0,0,0,,,,,Hold,Finsso: Pending CLA Signature | Netbank: Pending CL,,46198.59722,,0,0,0,,0,0,,0,0,0,0,No
,IF0473,TERRY AUTO TRADING,,,0,0,0,0,0,0,0,0,,,,,Hold,Finsso: Pending CLA Signature | Netbank: Pending CL,,46198.70139,,0,0,0,,0,0,,0,0,0,0,No
,IF0474,J&E CAR TRADING,Marah Luriely A. Villaruz,Elvira Ladea,0,0,0,0,0,0,0,0,,,,,Hold,Finsso: Pending CLA Signature | Netbank: Pending CL,,46199.62361,,0,0,0,,0,0,,0,0,0,0,No
,IF0475,LIAM CARSS CAR TRADING,Marah Luriely A. Villaruz,Elvira Ladea,0,0,2,0,791880,791880,791880,0,49,,,,Open,,,,,0,0,0,,0,0,,0,0,0,0,No
,IF0476,JND CAR TRADING,Marah Luriely A. Villaruz,Elvira Ladea,0,0,1,0,270000,270000,270000,0,67,,7.439583333,46275.56042,Hold,w/ Due Repayments - >= 5DPD,,46275.56042,,0,0,0,,7.439583333,7.439583333,,0,0,0,0,No
,IF0477,A DRIAN CAR TRADING,Malou Alfonso,Rose Batacan,0,1,1,0,400000,400000,400000,0,14.5,,,,Open,,,,,0,0,0,,0,0,,0,0,0,0,No
,IF0478,GERTHS AUTO TRADING,Marah Luriely A. Villaruz,Elvira Ladea,1,0,2,0,1031000,1031000,1031000,0,31.5,,1.763541667,46280.75,Open,,,,,0,0,0,,2.25,1.277083333,,0,0,0,0,No
,IF0479,BOSSTRAB AUTOGARAGE CAR TRADING,Marah Luriely A. Villaruz,Herbert Capistrano,1,0,0,0,0,0,0,0,,,,,Open,Finsso: Pending CLA Signature | Netbank: Open,,46227.19236,,0,0,0,,0,0,,0,0,0,0,No
,IF0480,IBS01 CAR TRADING,Albert Dalupang,Zhesa Resurrecion,0,1,0,0,0,0,0,0,14,,,,Open,,,,,0,0,0,,0,0,,0,0,0,0,No
,IF0481,PIP-LUXURY CAR TRADING,Marah Luriely A. Villaruz,Elvira Ladea,0,0,0,0,0,0,0,0,,,,,Hold,Finsso: Pending CLA Signature | Netbank: Pending CL,,46233.70417,,0,0,0,,0,0,,0,0,0,0,No
,IF0482,LODS CAR ACCESSORIES STORE,Albert Dalupang,Zhesa Resurrecion,0,1,0,0,0,0,0,0,18,,,,Open,,,,,0,0,0,,0,0,,0,0,0,0,No
,IF0483,CARLOWDEAL AUTO TRADING,Marah Luriely A. Villaruz,Herbert Capistrano,0,0,0,0,0,0,0,0,,,,,Open,Finsso: Open | Netbank: Pending CL,,,,0,0,0,,0,0,,0,0,0,0,No
,IF0484,CEDCARS VEHICLE TRADING,Marah Luriely A. Villaruz,Elvira Ladea,0,0,1,0,360000,360000,360000,0,23,,,,Open,,,,,0,0,0,,0,0,,0,0,0,0,No
,IF0485,ERIC CAR TRADING,Marah Luriely A. Villaruz,Elvira Ladea,0,0,1,0,173250,173250,173250,0,44,,,,Open,Finsso: Open | Netbank: Pending CL,,,,0,0,0,,0,0,,0,0,0,0,No
,IF0486,CAR AGENT SERVICES KKJ,Malou Alfonso,Myrnalyn Bankingkito,0,1,0,0,0,0,0,0,18,,,,Open,,,,,0,0,0,,0,0,,0,0,0,0,No
,IF0487,KMG CAR TRADING,Marah Luriely A. Villaruz,Rhoyland Alagon,0,0,0,0,0,0,0,0,,,,,Open,Finsso: Open | Netbank: Pending CL,,,,0,0,0,,0,0,,0,0,0,0,No
,IF0488,4K AUTO TRADING,Albert Dalupang,Zhesa Resurrecion,0,0,0,0,0,0,0,0,,,,,Open,Finsso: Open | Netbank: Pending CLA Signature,,46251.39653,,0,0,0,,0,0,,0,0,0,0,No
,IF0489,ASIONG CAR TRADING,Malou Alfonso,Myrnalyn Bankingkito,1,0,0,0,0,0,0,0,,,,,Open,Finsso: Open | Netbank: Pending CL,,,,0,0,0,,0,0,,0,0,0,0,No
,IF0490,MG AUTOGARAGE AND TOWING AUTO REPAIR SHOP,Marah Luriely A. Villaruz,Elvira Ladea,0,0,0,0,0,0,0,0,,,,,Open,,,,,0,0,0,,0,0,,0,0,0,0,No
,IF0491,CARLAUTOSHOP CAR TRADING,Marah Luriely A. Villaruz,Herbert Capistrano,0,0,0,0,0,0,0,0,,,,,Open,Finsso: Open | Netbank: Pending CL,,,,0,0,0,,0,0,,0,0,0,0,No
,IF0492,PRIMEWHEEL MOTOR VEHICLE SHOP,Malou Alfonso,Myrnalyn Bankingkito,1,0,0,0,0,0,0,0,,,,,Open,Finsso: Open | Netbank: Pending CL,,,,0,0,0,,0,0,,0,0,0,0,No
,IF0493,BICUTAN AUTO EXCHANGE CO.,Albert Dalupang,Albert Dalupang,0,0,0,0,0,0,0,0,,,,,Open,Finsso: Open | Netbank: Pending CL,,,,0,0,0,,0,0,,0,0,0,0,No
,IF0494,DOUBLE M CAR AGENT SERVICES,Albert Dalupang,Zhesa Resurrecion,0,0,0,0,0,0,0,0,,,,,Open,Finsso: Open | Netbank: Pending CL,,,,0,0,0,,0,0,,0,0,0,0,No
,IF0495,M13.GARAGE AUTO TRADING,Albert Dalupang,Ricmar Magboo,0,0,0,0,0,0,0,0,,,,,Open,Finsso: Open | Netbank: Pending CL,,,,0,0,0,,0,0,,0,0,0,0,No
,IF0496,NAZ CAR TRADING,Marah Luriely A. Villaruz,Elvira Ladea,0,0,0,0,0,0,0,0,,,,,Open,Finsso: Open | Netbank: Pending CL,,,,0,0,0,,0,0,,0,0,0,0,No
,IF0497,PAROMIA CAR TRADING,Albert Dalupang,Albert Dalupang,0,0,1,0,1000000,1000000,1000000,0,4,,,,Open,Finsso: Pending CLA Signature | Netbank: Open,,46273.43194,,0,0,0,,0,0,,0,0,0,0,No
,IF0498,ASTON'S AUTO SHOP,Malou Alfonso,Rose Batacan,0,0,0,0,0,0,0,0,,,,,Open,Finsso: Open | Netbank: Pending CL,,,,0,0,0,,0,0,,0,0,0,0,No
,IF0499,MARLO AUTOGARAGE CAR TRADING,Marah Luriely A. Villaruz,Herbert Capistrano,0,0,0,0,0,0,0,0,,,,,Open,Finsso: Open | Netbank: Pending CL,,,,0,0,0,,0,0,,0,0,0,0,No
,IF0500,G.B.O VEHICLE TRADING,Marah Luriely A. Villaruz,Herbert Capistrano,0,0,1,0,353000,353000,353000,0,1,,,,Open,,,,,0,0,0,,0,0,,0,0,0,0,No