Dealership Name,Drawdown ID,Dealer Name,Financier,Loan Status,Loan Status Remarks,Year Model,Make Model Variant,Plate Number,FMV,Original Principal,Outstanding Principal,PNCM Date,Mid Term Date,Maturity Date,Assigned SO,Assigned SO,Assigned Auditor,Assigned Collections Officer,Interest Rate per Month,Tenure in Days,Admin Fee (%),DST (% per annum),Admin Fee (in PHP),Documentary Stamp Tax (in PHP),Upfront Interest,Total Deductions from Approved Drawdown,Net Disbursed Amount,Credit Date to Dealer Bank Account,Requestor,Transaction Router,Net Disbursal Request Amount,Date of Disbursement Request to Carmudi Finance,Link to Transaction Screenshot (Carmudi to Dealer),Carmudi Disbursal Transaction ID,Require PDC?,PDC Amount,PDC Date,PDC Received,Date & Time of Disbursement Endorsement to Netbank,Netbank Actual Disbursement Date,Netbank Disbursal Amount,Netbank Disbursal Transaction ID,Link to Transaction Screenshot (as received from Netbank),Netbank to Carmudi Receiving Bank Account,Confirmed Received?,Crediting Date to Carmudi Bank,Matched Net Drawdown Amount and Netbank Disbursal Amount?,R1 Status,R1 Renewal Running,R1 Allocated,R1 Late Fee,R1 Late Fee Allocated,R1 P0 Allocated,R2 Status,R2 Renewal Running,R2 Renewal Allocated,R2 Running Interest,R2 Interest Allocated,R2 Late Fee,R2 Late Fee Allocated,R2 P0 Allocated,R3 Status,R3 Renewal Running,R3 Renewal Allocated,R3 Interest Running,R3 Interest Allocated,R3 Late Fee,R3 Late Fee Allocated,P1 Principal Running,P1 Principal Allocated,P1 Penalty Fee Running,P1 Penalty Fee Allocated,R4 Status,R4 Renewal Running,R4 Renewal Allocated,R4 Interest Running,R4 Interest Allocated,R4 Late Fee,R4 Late Fee Allocated,P2 Principal Running,P2 Principal Allocated,P2 Penalty Fee Running,P2 Penalty Fee Allocated,R5 Status,R5 Renewal Running,R5 Renewal Allocated,R5 Interest Running,R5 Interest Allocated,R5 Late Fee,R5 Late Fee Allocated,P3 Principal Running,P3 Principal Allocated,P3 Penalty Fee Running,P3 Penalty Fee Allocated,Maturity Status,Maturity Principal Running,Maturity Principal Allocated,Maturity Penalty Fee Running,Maturity Penalty Fee Allocated,Maturity Interest Running,Maturity Interest Allocated,Cash Received to Date,Unapplied Cash
CROSSROAD 77,CRO84*,Maria Nina Herrerra Amor,Finsso,,,2024,MG MG ONE,NKU7852,883666.67,618000,,46290,46380,46470,,,,,0.0175,180,0.01,0.0075,6180,2285.753425,10815,19280.75342,598719.2466,,,Cancelled
CROSSROAD 77,CRO85*,Maria Nina Herrerra Amor,Finsso,,,2023,MG ZS,NGC8758,578641.08,376000,376000,46290,46380,46470,,,,,0.0175,180,0.01,0.0075,3760,1390.684932,6580,11730.68493,364269.3151,46290.62564,Kriz,Finsso - Own Funds,364269.32,46290.60828,,,Yes,409996.6667,46385,,,,,,,,,,,Not Yet Due,0,0,0,0,0,Not Yet Due,0,0,6580,0,0,0,0,Not Yet Due,0,0,6580,0,0,0,75200,0,0,0,Not Yet Due,0,0,6580,0,0,0,75200,0,0,0,Not Yet Due,0,0,6580,0,0,0,75200,0,0,0,Not Yet Due,150400,0,0,0,6580,0,0,0
CROSSROAD 77,CRO86*,Maria Nina Herrerra Amor,Finsso,,,2025,MITSUBISHI L300 C/C 2.2D MT,NKK2467,760095.83,495000,495000,46290,46380,46470,,,,,0.0175,180,0.01,0.0075,4950,1830.821918,8662.5,15443.32192,479556.6781,46290.62564,Kriz,Finsso - Own Funds,479556.68,46290.59439,,,Yes,539756.25,46385,,,,,,,,,,,Not Yet Due,0,0,0,0,0,Not Yet Due,0,0,8662.5,0,0,0,0,Not Yet Due,0,0,8662.5,0,0,0,99000,0,0,0,Not Yet Due,0,0,8662.5,0,0,0,99000,0,0,0,Not Yet Due,0,0,8662.5,0,0,0,99000,0,0,0,Not Yet Due,198000,0,0,0,8662.5,0,0,0
CROSSROAD 77,CRO87*,Maria Nina Herrerra Amor,Finsso,,,2024,NISSAN NISSAN URVAN STANDARD 18 SEATER MT,MBF3341,1076057.33,650000,650000,46290,46380,46470,,,,,0.0175,180,0.01,0.0075,6500,2404.109589,11375,20279.10959,629720.8904,46290.62564,Kriz,Finsso - Own Funds,629720.89,46290.59439,,,Yes,708770.8333,46385,,,,,,,,,,,Not Yet Due,0,0,0,0,0,Not Yet Due,0,0,11375,0,0,0,0,Not Yet Due,0,0,11375,0,0,0,130000,0,0,0,Not Yet Due,0,0,11375,0,0,0,130000,0,0,0,Not Yet Due,0,0,11375,0,0,0,130000,0,0,0,Not Yet Due,260000,0,0,0,11375,0,0,0
CROSSROAD 77,CRO88*,Maria Nina Herrerra Amor,Finsso,,,2024,HONDA BRIO1.2RS BLACKTOP CVT2024,GBE8818,647495,452787,452787,46290,46380,46470,,,,,0.0175,180,0.01,0.0075,4527.87,1674.691644,7923.7725,14126.33414,438660.6659,46290.62564,Kriz,Finsso - Own Funds,601832.01,46290.59439,,,Yes,493726.4913,46385,,,,,,,,,,,Not Yet Due,0,0,0,0,0,Not Yet Due,0,0,7923.77,0,0,0,0,Not Yet Due,0,0,7923.77,0,0,0,90557.4,0,0,0,Not Yet Due,0,0,7923.77,0,0,0,90557.4,0,0,0,Not Yet Due,0,0,7923.77,0,0,0,90557.4,0,0,0,Not Yet Due,181114.8,0,0,0,7923.77,0,0,0
CROSSROAD 77,CRO89*,Maria Nina Herrerra Amor,Finsso,,,2020,FORD RANGER 2.0L RAP,NGG3163,983636.84,621213,621213,46290,46380,46470,,,,,0.0175,180,0.01,0.0075,6212.13,2297.637123,10871.2275,19380.99462,601832.0054,46290.62564,Kriz,Finsso - Own Funds,438660.67,46290.59439,,,Yes,677381.0088,46385,,,,,,,,,,,Not Yet Due,0,0,0,0,0,Not Yet Due,0,0,10871.23,0,0,0,0,Not Yet Due,0,0,10871.23,0,0,0,124242.6,0,0,0,Not Yet Due,0,0,10871.23,0,0,0,124242.6,0,0,0,Not Yet Due,0,0,10871.23,0,0,0,124242.6,0,0,0,Not Yet Due,248485.2,0,0,0,10871.23,0,0,0
CROSSROAD 77,CRO90*,Maria Nina Herrerra Amor,Finsso,,,2025,HONDA CITY S CVT,GBO7135,779757.14,547000,547000,46290,46380,46470,,,,,0.0175,180,0.01,0.0075,5470,2023.150685,9572.5,17065.65068,529934.3493,46290.62564,Kriz,Finsso - Own Funds,529934.35,46290.60828,,,Yes,596457.9167,46385,,,,,,,,,,,Not Yet Due,0,0,0,0,0,Not Yet Due,0,0,9572.5,0,0,0,0,Not Yet Due,0,0,9572.5,0,0,0,109400,0,0,0,Not Yet Due,0,0,9572.5,0,0,0,109400,0,0,0,Not Yet Due,0,0,9572.5,0,0,0,109400,0,0,0,Not Yet Due,218800,0,0,0,9572.5,0,0,0
CROSSROAD 77,CRO91*,Maria Nina Herrerra Amor,Finsso,,,2023,SUZUKI ERTIGA GL MT,GNW2771,642989.5,420000,420000,46290,46380,46470,,,,,0.0175,180,0.01,0.0075,4200,1553.424658,7350,13103.42466,406896.5753,46290.62564,Kriz,Finsso - Own Funds,406896.58,46290.60828,,,Yes,457975,46385,,,,,,,,,,,Not Yet Due,0,0,0,0,0,Not Yet Due,0,0,7350,0,0,0,0,Not Yet Due,0,0,7350,0,0,0,84000,0,0,0,Not Yet Due,0,0,7350,0,0,0,84000,0,0,0,Not Yet Due,0,0,7350,0,0,0,84000,0,0,0,Not Yet Due,168000,0,0,0,7350,0,0,0
CROSSROAD 77,CRO92*,Maria Nina Herrerra Amor,Finsso,,,2023,SUZUKI APV GA-MT,DBJ1658,494959.43,320000,320000,46290,46380,46470,,,,,0.0175,180,0.01,0.0075,3200,1183.561644,5600,9983.561644,310016.4384,46290.62564,Kriz,Finsso - Own Funds,310016.44,46290.60828,,,Yes,348933.3333,46385,,,,,,,,,,,Not Yet Due,0,0,0,0,0,Not Yet Due,0,0,5600,0,0,0,0,Not Yet Due,0,0,5600,0,0,0,64000,0,0,0,Not Yet Due,0,0,5600,0,0,0,64000,0,0,0,Not Yet Due,0,0,5600,0,0,0,64000,0,0,0,Not Yet Due,128000,0,0,0,5600,0,0,0
ZT CAR TRADING,ZTC8*,Roy Dorado Ongkiatco,Finsso,,,2016,TOYOTA FJ CRUISER 4.0L,NDU6010,1557000,1089900,1089900,46296,46386,46476,,,,,0.0175,180,0.01,0.0075,10899,4031.136986,19073.25,34003.38699,1055896.613,46296.40972,Kriz,Finsso - Own Funds,1055896.61,46296.40972,,AUTO CREDIT BOB TO 12108004722 Reference # 1176155321,Yes,1188445.125,46391,Yes,,,,,,,,,,Not Yet Due,0,0,0,0,0,Not Yet Due,0,0,19073.25,0,0,0,0,Not Yet Due,0,0,19073.25,0,0,0,217980,0,0,0,Not Yet Due,0,0,19073.25,0,0,0,217980,0,0,0,Not Yet Due,0,0,19073.25,0,0,0,217980,0,0,0,Not Yet Due,435960,0,0,0,19073.25,0,0,0
ZT CAR TRADING,ZTC9*,Roy Dorado Ongkiatco,Finsso,,,2022,NISSAN PATROL ROYALE 5,NEL9273,2654083.15,1850000,1850000,46296,46386,46476,,,,,0.0175,180,0.01,0.0075,18500,6842.465753,32375,57717.46575,1792282.534,46296.40972,Kriz,Finsso - Own Funds,1792282.53,46296.40972,,AUTO CREDIT BOB TO 12108004722 Reference # 1176155322,Yes,2017270.833,46391,Yes,,,,,,,,,,Not Yet Due,0,0,0,0,0,Not Yet Due,0,0,32375,0,0,0,0,Not Yet Due,0,0,32375,0,0,0,370000,0,0,0,Not Yet Due,0,0,32375,0,0,0,370000,0,0,0,Not Yet Due,0,0,32375,0,0,0,370000,0,0,0,Not Yet Due,740000,0,0,0,32375,0,0,0
RIDEAGAIN INC. (FORMERLY: NEXANOVUS TECHNOLOGIES INC.),NTI122*,Nicole Shanne Sacatani Pagarigan,Finsso,,,,,,,6109000,6109000,46295,46385,46475,,,,,0.02,180,0.01,0.0075,61090,22594.93151,122180,205864.9315,5903135.068,46295.59792,Kriz,Finsso - Own Funds,12909.57,46295.59653,,,,,,,,,,,,,,,,Not Yet Due,0,0,0,0,0,Not Yet Due,0,0,122180,0,0,0,0,Not Yet Due,0,0,122180,0,0,0,1221800,0,0,0,Not Yet Due,0,0,122180,0,0,0,1221800,0,0,0,Not Yet Due,0,0,122180,0,0,0,1221800,0,0,0,Not Yet Due,2443600,0,0,0,122180,0,0,0
RIDEAGAIN INC. (FORMERLY: NEXANOVUS TECHNOLOGIES INC.),NTI123*,Nicole Shanne Sacatani Pagarigan,Finsso,,,,,,,5300000,5300000,46295,46385,46475,,,,,0.02,180,0.01,0.0075,53000,19602.73973,106000,178602.7397,5121397.26,46295.59792,Kriz,Finsso - Own Funds,2257.26,46295.59653,,,,,,,,,,,,,,,,Not Yet Due,0,0,0,0,0,Not Yet Due,0,0,106000,0,0,0,0,Not Yet Due,0,0,106000,0,0,0,1060000,0,0,0,Not Yet Due,0,0,106000,0,0,0,1060000,0,0,0,Not Yet Due,0,0,106000,0,0,0,1060000,0,0,0,Not Yet Due,2120000,0,0,0,106000,0,0,0
RIDEAGAIN INC. (FORMERLY: NEXANOVUS TECHNOLOGIES INC.),NTI124*,Nicole Shanne Sacatani Pagarigan,Finsso,,,,,,,5040000,5040000,46295,46385,46475,,,,,0.02,180,0.01,0.0075,50400,18641.09589,100800,169841.0959,4870158.904,46295.59792,Kriz,Finsso - Own Funds,4374.9,46295.59653,,,,,,,,,,,,,,,,Not Yet Due,0,0,0,0,0,Not Yet Due,0,0,100800,0,0,0,0,Not Yet Due,0,0,100800,0,0,0,1008000,0,0,0,Not Yet Due,0,0,100800,0,0,0,1008000,0,0,0,Not Yet Due,0,0,100800,0,0,0,1008000,0,0,0,Not Yet Due,2016000,0,0,0,100800,0,0,0
RIDEAGAIN INC. (FORMERLY: NEXANOVUS TECHNOLOGIES INC.),NTI125*,Nicole Shanne Sacatani Pagarigan,Finsso,,,,,,,6005000,6005000,46295,46385,46475,,,,,0.02,180,0.01,0.0075,60050,22210.27397,120100,202360.274,5802639.726,46295.59792,Kriz,Finsso - Own Funds,3486.4,46295.59653,,,,,,,,,,,,,,,,Not Yet Due,0,0,0,0,0,Not Yet Due,0,0,120100,0,0,0,0,Not Yet Due,0,0,120100,0,0,0,1201000,0,0,0,Not Yet Due,0,0,120100,0,0,0,1201000,0,0,0,Not Yet Due,0,0,120100,0,0,0,1201000,0,0,0,Not Yet Due,2402000,0,0,0,120100,0,0,0
RIDEAGAIN INC. (FORMERLY: NEXANOVUS TECHNOLOGIES INC.),NTI126*,Nicole Shanne Sacatani Pagarigan,Finsso,,,,,,,3050000,3050000,46295,46385,46475,,,,,0.02,180,0.01,0.0075,30500,11280.82192,61000,102780.8219,2947219.178,46295.59792,Kriz,Finsso - Own Funds,1925.85,46295.59653,,,,,,,,,,,,,,,,Not Yet Due,0,0,0,0,0,Not Yet Due,0,0,61000,0,0,0,0,Not Yet Due,0,0,61000,0,0,0,610000,0,0,0,Not Yet Due,0,0,61000,0,0,0,610000,0,0,0,Not Yet Due,0,0,61000,0,0,0,610000,0,0,0,Not Yet Due,1220000,0,0,0,61000,0,0,0
RIDEAGAIN INC. (FORMERLY: NEXANOVUS TECHNOLOGIES INC.),NTI127*,Nicole Shanne Sacatani Pagarigan,Finsso,,,,,,,3020000,3020000,46295,46385,46475,,,,,0.02,180,0.01,0.0075,30200,11169.86301,60400,101769.863,2918230.137,46295.59792,Kriz,Finsso - Own Funds,3163.47,46295.59653,,,,,,,,,,,,,,,,Not Yet Due,0,0,0,0,0,Not Yet Due,0,0,60400,0,0,0,0,Not Yet Due,0,0,60400,0,0,0,604000,0,0,0,Not Yet Due,0,0,60400,0,0,0,604000,0,0,0,Not Yet Due,0,0,60400,0,0,0,604000,0,0,0,Not Yet Due,1208000,0,0,0,60400,0,0,0