Dealer ID,Credit Line ID,Requested Via,Drawdown ID,Dealership Name,Financier,Loan Tenure,Loan Status,Loan Status Remarks,Dealer Name,Assigned SO,Assigned SM,Assigned Auditor,Assigned Collections Officer,Netbank Booking Date,Type of Financing,PNCM Date,Credit Date to Dealer Bank Account,Mid Term Date,Maturity Date,Original Principal,Outstanding Principal,Interest Rate %,Total Loan Tenure Days,Year Model,Make Model Variant,Plate Number (as on ORCR),Fair Market Value (FMV),Loan to Value (LTV) Ratio,Link to Drawdown Documents,Link to Signed Loan Documents,ORCR Hard Copy Received?,ORCR Encumbrance Check,ORCR Location,Received by,Date of Return / Date ReUsed of Collateral Documents,Released by,Loan Aging,R1 Due Date,R1 Payment Status,R1 Payment Date,R1 DPD,R2 Due Date,R2  Payment Status,R2 Payment Date,R2 DPD,R3P1 Due Date,R3 Payment Status,R3 Payment Date,R3 DPD,P1 Payment Status,P1 Payment Date,P1 DPD,R4P2 Due Date,R4 Payment Status,R4 Payment Date,R4 DPD,P2 Payment Status,P2 Payment Date,P2 DPD,R5P3 Due Date,R5 Payment Status,R5 Payment Date,R5 DPD,P3 Payment Status,P3 Payment Date,P3 DPD,Maturity Due Date,Maturity  Payment Status,Maturity Payment Date,Maturity DPD,FLDG Deduction / Loan Buyback (Yes/No),repo info
IF0017,IF0017-FFC,SFA - Runner,CRO84*,CROSSROAD 77,Finsso,180,Cancelled,Cancelled per Disbursal Tracker,Maria Nina Herrerra Amor,Rose Batacan,Malou Alfonso,,,,Inventory Financing,46290,,46380,46470,618000,,0.0175,180,2024,MG MG ONE,NKU7852,883666.67,0.6993587299,https://drive.google.com/drive/folders/1nRDsmky_MeHWqpI4pOyP-iiE1jsCgInY,https://drive.google.com/open?id=1q7hFL5ewlwvB-hVwRJ7ztNz3hbtjKF-G&usp=drive_copy,Yes,Yes,Vault
IF0017,IF0017-FFC,SFA - Runner,CRO85*,CROSSROAD 77,Finsso,180,Open,Current - next due: R1 on 25-Oct-2026,Maria Nina Herrerra Amor,Rose Batacan,Malou Alfonso,,,,Inventory Financing,46290,46290.62564,46380,46470,376000,376000,0.0175,180,2023,MG ZS,NGC8758,578641.08,0.6497983171,https://drive.google.com/drive/folders/1nRDsmky_MeHWqpI4pOyP-iiE1jsCgInY,https://drive.google.com/open?id=1K2Fna4KPZMA8tqnxtPtfp4VdDwqP-MzZ&usp=drive_copy,Yes,Yes,Vault,,,,13.37436343,46320,Not Yet Due,,0,46350,Not Yet Due,,0,46380,Not Yet Due,,0,Not Yet Due,,0,46410,Not Yet Due,,0,Not Yet Due,,0,46440,Not Yet Due,,0,Not Yet Due,,0,46470,Not Yet Due,,0
IF0017,IF0017-FFC,SFA - Runner,CRO86*,CROSSROAD 77,Finsso,180,Open,Current - next due: R1 on 25-Oct-2026,Maria Nina Herrerra Amor,Rose Batacan,Malou Alfonso,,,,Inventory Financing,46290,46290.62564,46380,46470,495000,495000,0.0175,180,2025,MITSUBISHI L300 C/C 2.2D MT,NKK2467,760095.83,0.651233674,https://drive.google.com/drive/folders/1nRDsmky_MeHWqpI4pOyP-iiE1jsCgInY,https://drive.google.com/open?id=1jm99TeeXpmdpHtawXSeDCATWLivKqQ_g&usp=drive_copy,Yes,Yes,Vault,,,,13.37436343,46320,Not Yet Due,,0,46350,Not Yet Due,,0,46380,Not Yet Due,,0,Not Yet Due,,0,46410,Not Yet Due,,0,Not Yet Due,,0,46440,Not Yet Due,,0,Not Yet Due,,0,46470,Not Yet Due,,0
IF0017,IF0017-FFC,SFA - Runner,CRO87*,CROSSROAD 77,Finsso,180,Open,Current - next due: R1 on 25-Oct-2026,Maria Nina Herrerra Amor,Rose Batacan,Malou Alfonso,,,,Inventory Financing,46290,46290.62564,46380,46470,650000,650000,0.0175,180,2024,NISSAN NISSAN URVAN STANDARD 18 SEATER MT,MBF3341,1076057.33,0.6040570348,https://drive.google.com/drive/folders/1nRDsmky_MeHWqpI4pOyP-iiE1jsCgInY,https://drive.google.com/open?id=1N3HhAJSJaG_FX1WclA1Ir8U6w45PlzCD&usp=drive_copy,Yes,Yes,Vault,Lyka,,,13.37436343,46320,Not Yet Due,,0,46350,Not Yet Due,,0,46380,Not Yet Due,,0,Not Yet Due,,0,46410,Not Yet Due,,0,Not Yet Due,,0,46440,Not Yet Due,,0,Not Yet Due,,0,46470,Not Yet Due,,0
IF0017,IF0017-FFC,SFA - Runner,CRO88*,CROSSROAD 77,Finsso,180,Open,Current - next due: R1 on 25-Oct-2026,Maria Nina Herrerra Amor,Rose Batacan,Malou Alfonso,,,,Inventory Financing,46290,46290.62564,46380,46470,452787,452787,0.0175,180,2024,HONDA BRIO1.2RS BLACKTOP CVT2024,GBE8818,647495,0.699290342,https://drive.google.com/drive/folders/1nRDsmky_MeHWqpI4pOyP-iiE1jsCgInY,https://drive.google.com/open?id=1ARz2m3DBqRFBkQJ5S6JPlyEB2ZywcTpw&usp=drive_copy,Yes,Yes,Vault,,,,13.37436343,46320,Not Yet Due,,0,46350,Not Yet Due,,0,46380,Not Yet Due,,0,Not Yet Due,,0,46410,Not Yet Due,,0,Not Yet Due,,0,46440,Not Yet Due,,0,Not Yet Due,,0,46470,Not Yet Due,,0
IF0017,IF0017-FFC,SFA - Runner,CRO89*,CROSSROAD 77,Finsso,180,Open,Current - next due: R1 on 25-Oct-2026,Maria Nina Herrerra Amor,Rose Batacan,Malou Alfonso,,,,Inventory Financing,46290,46290.62564,46380,46470,621213,621213,0.0175,180,2020,FORD RANGER 2.0L RAP,NGG3163,983636.84,0.6315471063,https://drive.google.com/drive/folders/1nRDsmky_MeHWqpI4pOyP-iiE1jsCgInY,https://drive.google.com/open?id=17QIaQzuSeX1EeznWAG_3U1JIRufWukdB&usp=drive_copy,Yes,Yes,Vault,,,,13.37436343,46320,Not Yet Due,,0,46350,Not Yet Due,,0,46380,Not Yet Due,,0,Not Yet Due,,0,46410,Not Yet Due,,0,Not Yet Due,,0,46440,Not Yet Due,,0,Not Yet Due,,0,46470,Not Yet Due,,0
IF0017,IF0017-FFC,SFA - Runner,CRO90*,CROSSROAD 77,Finsso,180,Open,Current - next due: R1 on 25-Oct-2026,Maria Nina Herrerra Amor,Rose Batacan,Malou Alfonso,,,,Inventory Financing,46290,46290.62564,46380,46470,547000,547000,0.0175,180,2025,HONDA CITY S CVT,GBO7135,779757.14,0.7015004697,https://drive.google.com/drive/folders/1nRDsmky_MeHWqpI4pOyP-iiE1jsCgInY,https://drive.google.com/open?id=189pJs-p-bgXTkhEgjeVn5iJgpBGiWA_b&usp=drive_copy,Yes,Yes,Vault,,,,13.37436343,46320,Not Yet Due,,0,46350,Not Yet Due,,0,46380,Not Yet Due,,0,Not Yet Due,,0,46410,Not Yet Due,,0,Not Yet Due,,0,46440,Not Yet Due,,0,Not Yet Due,,0,46470,Not Yet Due,,0
IF0017,IF0017-FFC,SFA - Runner,CRO91*,CROSSROAD 77,Finsso,180,Open,Current - next due: R1 on 25-Oct-2026,Maria Nina Herrerra Amor,Rose Batacan,Malou Alfonso,,,,Inventory Financing,46290,46290.62564,46380,46470,420000,420000,0.0175,180,2023,SUZUKI ERTIGA GL MT,GNW2771,642989.5,0.6531988469,https://drive.google.com/drive/folders/1nRDsmky_MeHWqpI4pOyP-iiE1jsCgInY,https://drive.google.com/open?id=1LA3YdE4CIuqMbQCoU-5yjfHiHUhRXqJ0&usp=drive_copy,Yes,Yes,Vault,,,,13.37436343,46320,Not Yet Due,,0,46350,Not Yet Due,,0,46380,Not Yet Due,,0,Not Yet Due,,0,46410,Not Yet Due,,0,Not Yet Due,,0,46440,Not Yet Due,,0,Not Yet Due,,0,46470,Not Yet Due,,0
IF0017,IF0017-FFC,SFA - Runner,CRO92*,CROSSROAD 77,Finsso,180,Open,Current - next due: R1 on 25-Oct-2026,Maria Nina Herrerra Amor,Rose Batacan,Malou Alfonso,,,,Inventory Financing,46290,46290.62564,46380,46470,320000,320000,0.0175,180,2023,SUZUKI APV GA-MT,DBJ1658,494959.43,0.6465176348,https://drive.google.com/drive/folders/1nRDsmky_MeHWqpI4pOyP-iiE1jsCgInY,https://drive.google.com/open?id=1aoT57Lq5AH2rZJgZg4GF_mRpu3RuWg-A&usp=drive_copy,Yes,Yes,Vault,,,,13.37436343,46320,Not Yet Due,,0,46350,Not Yet Due,,0,46380,Not Yet Due,,0,Not Yet Due,,0,46410,Not Yet Due,,0,Not Yet Due,,0,46440,Not Yet Due,,0,Not Yet Due,,0,46470,Not Yet Due,,0
IF0207,IF0207-FFC,SFA - Runner,ZTC8*,ZT CAR TRADING,Finsso,180,Open,Current - next due: R1 on 31-Oct-2026,Roy Dorado Ongkiatco,Myrnalyn Bankingkito,Malou Alfonso,,,,Inventory Financing,46296,46296.40972,46386,46476,1089900,1089900,0.0175,180,2016,TOYOTA FJ CRUISER 4.0L,NDU6010,1557000,0.7,https://drive.google.com/drive/folders/1knNbFhoN6fP_7rBRN5W2NsMwFSxCHk2r,https://drive.google.com/open?id=1t5hpFhUbW5JUfvEPj_Kbr9i6WVt4v3HU&usp=drive_copy,Yes,Yes,Vault,,,,7.590277778,46326,Not Yet Due,,0,46356,Not Yet Due,,0,46386,Not Yet Due,,0,Not Yet Due,,0,46416,Not Yet Due,,0,Not Yet Due,,0,46446,Not Yet Due,,0,Not Yet Due,,0,46476,Not Yet Due,,0
IF0207,IF0207-FFC,SFA - Runner,ZTC9*,ZT CAR TRADING,Finsso,180,Open,Current - next due: R1 on 31-Oct-2026,Roy Dorado Ongkiatco,Myrnalyn Bankingkito,Malou Alfonso,,,,Inventory Financing,46296,46296.40972,46386,46476,1850000,1850000,0.0175,180,2022,NISSAN PATROL ROYALE 5,NEL9273,2654083.15,0.6970392017,https://drive.google.com/drive/folders/1knNbFhoN6fP_7rBRN5W2NsMwFSxCHk2r,https://drive.google.com/open?id=1RwTJbrCggAasJ4lyNh954hv7byITuEFp&usp=drive_copy,,,with Runner - Crisjon,,,,7.590277778,46326,Not Yet Due,,0,46356,Not Yet Due,,0,46386,Not Yet Due,,0,Not Yet Due,,0,46416,Not Yet Due,,0,Not Yet Due,,0,46446,Not Yet Due,,0,Not Yet Due,,0,46476,Not Yet Due,,0
IF0180,IF0180-FFC,No Endorsement,NTI122*,RIDEAGAIN INC. (FORMERLY: NEXANOVUS TECHNOLOGIES INC.),Finsso,180,Open,Current - next due: R1 on 30-Oct-2026,Nicole Shanne Sacatani Pagarigan,Hannah Mae Ibay, Hannah Mae A. Ibay,,,,Floor Financing [RideAgain],46295,46295.59792,46385,46475,6109000,6109000,0.02,180,,,,,,,,,,,,,,8.402083333,46325,Not Yet Due,,0,46355,Not Yet Due,,0,46385,Not Yet Due,,0,Not Yet Due,,0,46415,Not Yet Due,,0,Not Yet Due,,0,46445,Not Yet Due,,0,Not Yet Due,,0,46475,Not Yet Due,,0
IF0180,IF0180-FFC,No Endorsement,NTI123*,RIDEAGAIN INC. (FORMERLY: NEXANOVUS TECHNOLOGIES INC.),Finsso,180,Open,Current - next due: R1 on 30-Oct-2026,Nicole Shanne Sacatani Pagarigan,Hannah Mae Ibay, Hannah Mae A. Ibay,,,,Floor Financing [RideAgain],46295,46295.59792,46385,46475,5300000,5300000,0.02,180,,,,,,,,,,,,,,8.402083333,46325,Not Yet Due,,0,46355,Not Yet Due,,0,46385,Not Yet Due,,0,Not Yet Due,,0,46415,Not Yet Due,,0,Not Yet Due,,0,46445,Not Yet Due,,0,Not Yet Due,,0,46475,Not Yet Due,,0
IF0180,IF0180-FFC,No Endorsement,NTI124*,RIDEAGAIN INC. (FORMERLY: NEXANOVUS TECHNOLOGIES INC.),Finsso,180,Open,Current - next due: R1 on 30-Oct-2026,Nicole Shanne Sacatani Pagarigan,Hannah Mae Ibay, Hannah Mae A. Ibay,,,,Floor Financing [RideAgain],46295,46295.59792,46385,46475,5040000,5040000,0.02,180,,,,,,,,,,,,,,8.402083333,46325,Not Yet Due,,0,46355,Not Yet Due,,0,46385,Not Yet Due,,0,Not Yet Due,,0,46415,Not Yet Due,,0,Not Yet Due,,0,46445,Not Yet Due,,0,Not Yet Due,,0,46475,Not Yet Due,,0
IF0180,IF0180-FFC,No Endorsement,NTI125*,RIDEAGAIN INC. (FORMERLY: NEXANOVUS TECHNOLOGIES INC.),Finsso,180,Open,Current - next due: R1 on 30-Oct-2026,Nicole Shanne Sacatani Pagarigan,Hannah Mae Ibay, Hannah Mae A. Ibay,,,,Floor Financing [RideAgain],46295,46295.59792,46385,46475,6005000,6005000,0.02,180,,,,,,,,,,,,,,8.402083333,46325,Not Yet Due,,0,46355,Not Yet Due,,0,46385,Not Yet Due,,0,Not Yet Due,,0,46415,Not Yet Due,,0,Not Yet Due,,0,46445,Not Yet Due,,0,Not Yet Due,,0,46475,Not Yet Due,,0
IF0180,IF0180-FFC,No Endorsement,NTI126*,RIDEAGAIN INC. (FORMERLY: NEXANOVUS TECHNOLOGIES INC.),Finsso,180,Open,Current - next due: R1 on 30-Oct-2026,Nicole Shanne Sacatani Pagarigan,Hannah Mae Ibay, Hannah Mae A. Ibay,,,,Floor Financing [RideAgain],46295,46295.59792,46385,46475,3050000,3050000,0.02,180,,,,,,,,,,,,,,8.402083333,46325,Not Yet Due,,0,46355,Not Yet Due,,0,46385,Not Yet Due,,0,Not Yet Due,,0,46415,Not Yet Due,,0,Not Yet Due,,0,46445,Not Yet Due,,0,Not Yet Due,,0,46475,Not Yet Due,,0
IF0180,IF0180-FFC,No Endorsement,NTI127*,RIDEAGAIN INC. (FORMERLY: NEXANOVUS TECHNOLOGIES INC.),Finsso,180,Open,Current - next due: R1 on 30-Oct-2026,Nicole Shanne Sacatani Pagarigan,Hannah Mae Ibay, Hannah Mae A. Ibay,,,,Floor Financing [RideAgain],46295,46295.59792,46385,46475,3020000,3020000,0.02,180,,,,,,,,,,,,,,8.402083333,46325,Not Yet Due,,0,46355,Not Yet Due,,0,46385,Not Yet Due,,0,Not Yet Due,,0,46415,Not Yet Due,,0,Not Yet Due,,0,46445,Not Yet Due,,0,Not Yet Due,,0,46475,Not Yet Due,,0
IF0032,IF0032-NB,SFA - Runner,MCA23*,MARCUS CAR ACCESSORIES AND DETAILING,Netbank,180,Open,"In grace: R1 (due 9-Oct, grace to 13-Oct)",Lord Wally Valencia Alabado,Rose Batacan,Malou Alfonso,,,,Inventory Financing,46274,46274.49514,46364,46454,535000,535000,0.0175,180,2018,HYUNDAI GRAND STAREX 2,NBB2039,763694.12,0.7005422537,https://drive.google.com/drive/folders/1zMoXRC1oDhQXVDH-8VO4JhEkdNAUq3gY,https://drive.google.com/open?id=1PF3Pv3HTS4N4yo4qnfXncTC8iovESj99&usp=drive_copy,Yes,Yes,Vault,Lyka,,,29.50486111,46304,Due - In Grace,,0,46334,Not Yet Due,,0,46364,Not Yet Due,,0,Not Yet Due,,0,46394,Not Yet Due,,0,Not Yet Due,,0,46424,Not Yet Due,,0,Not Yet Due,,0,46454,Not Yet Due,,0
IF0208,IF0208-NB,SFA - Runner,ZTZ9*,ZTZ AUTO TRADING,Netbank,180,Open,Current - next due: R1 on 16-Oct-2026,Joan Serafica Reyes,Myrnalyn Bankingkito,Malou Alfonso,,,,Inventory Financing,46281,46281.51736,46371,46461,1800000,1800000,0.02,180,2021,TOYOTA GR YARIS 1.6L T,CAW1949,2366666.67,0.7605633792,https://drive.google.com/drive/folders/1iALnNZu-BgDJQ_dIlmmZD1ablA6xLUG5,https://drive.google.com/open?id=1aAB6J2KGAHhUUO8FiQ2FjGvbh-_RdY_k&usp=drive_copy,Yes,Yes,Vault,Lyka,,,22.48263889,46311,Not Yet Due,,0,46341,Not Yet Due,,0,46371,Not Yet Due,,0,Not Yet Due,,0,46401,Not Yet Due,,0,Not Yet Due,,0,46431,Not Yet Due,,0,Not Yet Due,,0,46461,Not Yet Due,,0
IF0469,IF0469-NB,SFA - Runner,ASAT2*,A S AUTO TRADING,Netbank,180,Open,Current - next due: R1 on 17-Oct-2026,Alden Osabel Tormes,Myrnalyn Bankingkito,Malou Alfonso,,,,Inventory Financing,46282,46282.55278,46372,46462,342000,342000,0.0175,180,2014,FORD RANGER DBL 2.2L,ACA4668,488058.51,0.7007356556,https://drive.google.com/drive/folders/10mDH--988-epEG1VJ56zr1EsA76fThn3,https://drive.google.com/open?id=1kEwiE4bJHeFHeXp2TTAwtoMj1a6OnzDD&usp=drive_copy,Yes,Yes,Vault,,,,21.44722222,46312,Not Yet Due,,0,46342,Not Yet Due,,0,46372,Not Yet Due,,0,Not Yet Due,,0,46402,Not Yet Due,,0,Not Yet Due,,0,46432,Not Yet Due,,0,Not Yet Due,,0,46462,Not Yet Due,,0
IF0357,IF0357-NB,SFA - Runner,BMW3*,BMWHEELS CAR TRADING,Netbank,180,Open,Current - next due: R1 on 21-Oct-2026,Jan Bryan Barilea Muyon,Myrnalyn Bankingkito,Malou Alfonso,,,,Inventory Financing,46286,46286.58958,46376,46466,500000,500000,0.02,180,2015,TOYOTA FORTUNER 4X2 2.,ARA1790,669582.71,0.7467337381,https://drive.google.com/drive/folders/1EEcjsNXctniKfnAeLldH-exmOrj1eu_7,https://drive.google.com/open?id=1Jnmmi7jZzjV2za2Yd-38dQxX7_e37c7A&usp=drive_copy,Yes,Yes,Vault,Lyka,,,17.41041667,46316,Not Yet Due,,0,46346,Not Yet Due,,0,46376,Not Yet Due,,0,Not Yet Due,,0,46406,Not Yet Due,,0,Not Yet Due,,0,46436,Not Yet Due,,0,Not Yet Due,,0,46466,Not Yet Due,,0
IF0498,IF0498-NB,SFA - Runner,AAS2*,ASTON'S AUTO SHOP,Netbank,180,Open,Current - next due: R1 on 23-Oct-2026,Paul Jay Artiaga Dela Cruz,Rose Batacan,Malou Alfonso,,,,Inventory Financing,46288,46288.60903,46378,46468,570000,570000,0.0175,180,2016,TOYOTA HILUX 2.4L 4X2,NDT9330,785276.28,0.7258591842,https://drive.google.com/drive/folders/1u4wJa1gASL6UpCQozpz9_nGrycUPaG9r,https://drive.google.com/open?id=1Es_OkWzX0-jJBJeoo298jyB4NE8Vnkm2&usp=drive_copy,Yes,Yes,Vault,Shielyka B. Curate,,,15.39097222,46318,Not Yet Due,,0,46348,Not Yet Due,,0,46378,Not Yet Due,,0,Not Yet Due,,0,46408,Not Yet Due,,0,Not Yet Due,,0,46438,Not Yet Due,,0,Not Yet Due,,0,46468,Not Yet Due,,0
IF0340,IF0340-NB,SFA - Runner,TFC7*,TF888 CAR TRADING,Netbank,180,Open,Current - next due: R1 on 24-Oct-2026,Fe Trixie Torres Sison,Myrnalyn Bankingkito,Malou Alfonso,,,46290,Inventory Financing,46289,46289.71736,46379,46469,191500,191500,0.0175,180,2016,TOYOTA VIOS 1.3E GAS A,DDM3214,379666.67,0.5043898112,https://drive.google.com/drive/folders/1YHHu7F1u3HILpdJ3ZoEfi9v6HuI2Ur8u,https://drive.google.com/open?id=1wFfX1KsfGMevLVNLSo_lczsHfIiWtPxY&usp=drive_copy,Yes,Yes,Vault,LYKA,,,14.28263889,46319,Not Yet Due,,0,46349,Not Yet Due,,0,46379,Not Yet Due,,0,Not Yet Due,,0,46409,Not Yet Due,,0,Not Yet Due,,0,46439,Not Yet Due,,0,Not Yet Due,,0,46469,Not Yet Due,,0
IF0375,IF0375-NB,SFA - Runner,JVT12*,JCP VEHICLE TRADING,Netbank,180,Open,Current - next due: R1 on 25-Oct-2026,Jimbe Cabauatan Pascual,Myrnalyn Bankingkito,Malou Alfonso,,,46293,Inventory Financing,46290,46290.75694,46380,46470,400000,400000,0.0175,180,2015,HONDA HR-V,ABP1430,551781.63,0.7249244597,https://drive.google.com/drive/folders/1EkjDoVQw4UNvcPmC_nOsGQ0LaQpBg00T,https://drive.google.com/open?id=1kjWspwrIAZ8uLF3hw6IEFrJgY2OmM6Qa&usp=drive_copy,Yes,Yes,Vault,Shielyka B. Curate,,,13.24305556,46320,Not Yet Due,,0,46350,Not Yet Due,,0,46380,Not Yet Due,,0,Not Yet Due,,0,46410,Not Yet Due,,0,Not Yet Due,,0,46440,Not Yet Due,,0,Not Yet Due,,0,46470,Not Yet Due,,0
IF0375,IF0375-NB,SFA - Runner,JVT13*,JCP VEHICLE TRADING,Netbank,180,Open,Current - next due: R1 on 25-Oct-2026,Jimbe Cabauatan Pascual,Myrnalyn Bankingkito,Malou Alfonso,,,46293,Inventory Financing,46290,46290.75694,46380,46470,208910,208910,0.0175,180,2019,HYUNDAI H 100 2.5 CRDI G,NED5861,373215.41,0.5597571654,https://drive.google.com/drive/folders/1EkjDoVQw4UNvcPmC_nOsGQ0LaQpBg00T,https://drive.google.com/open?id=1CjJngjXWY9wjQrxHIgyXr65WnOb30PfW&usp=drive_copy,Yes,Yes,Vault,Shielyka B. Curate,,,13.24305556,46320,Not Yet Due,,0,46350,Not Yet Due,,0,46380,Not Yet Due,,0,Not Yet Due,,0,46410,Not Yet Due,,0,Not Yet Due,,0,46440,Not Yet Due,,0,Not Yet Due,,0,46470,Not Yet Due,,0
IF0382,IF0382-NB,SFA - Runner,CBAV6*,C.B AUTOWORKS VEHICLE TRADING,Netbank,180,Open,Current - next due: R1 on 25-Oct-2026,Jonah Andres Balingit,Rose Batacan,Malou Alfonso,,,46295,Inventory Financing,46290,46290.70625,46380,46470,508000,508000,0.0175,180,2025,MITSUBISHI MIRAGE G4 GLS 1.2G CVT,DBS7459,635393.75,0.7995042444,https://drive.google.com/drive/folders/1KoH1WMjK_Bmjj0z8reBk-_l9jtyq1hqs,https://drive.google.com/open?id=1sWpBcpqc1_Yiq9vaGptsGOaY5eBEVKwX&usp=drive_copy,Yes,Yes,Vault,REDD,,,13.29375,46320,Not Yet Due,,0,46350,Not Yet Due,,0,46380,Not Yet Due,,0,Not Yet Due,,0,46410,Not Yet Due,,0,Not Yet Due,,0,46440,Not Yet Due,,0,Not Yet Due,,0,46470,Not Yet Due,,0
IF0441,IF0441-NB,SFA - Runner,AJCT7*,A&J CAR TRADING,Netbank,180,Open,Current - next due: R1 on 28-Oct-2026,Jerome Pederes Flores,Myrnalyn Bankingkito,Malou Alfonso,,,46295,Inventory Financing,46293,46293.77014,46383,46473,208000,208000,0.0175,180,2017,FORD ECOSPORT 5DR TI,NBC1511,320556.51,0.6488715515,https://drive.google.com/drive/folders/1L-SvAVYyA59oaK_a3e1cGNSw35A6jrL_,https://drive.google.com/open?id=1YwdntFfHhz2956-D-VlK-uRumI7UJFS4&usp=drive_copy,Yes,Yes,Vault,LYKA,,,10.22986111,46323,Not Yet Due,,0,46353,Not Yet Due,,0,46383,Not Yet Due,,0,Not Yet Due,,0,46413,Not Yet Due,,0,Not Yet Due,,0,46443,Not Yet Due,,0,Not Yet Due,,0,46473,Not Yet Due,,0