,DEALERSHIP NAME,DRAWDOWN ID,Assigned Collection Officer,Third Party Collections Agency,YEAR MODEL,VARIANT,PLATE NUMBER,REPO STATUS,FINNY'S REMARKS,RideAgain Price Estimate,Expected LOR,ORIGINAL FMV,OUTSTANDING PRINCIPAL,1. Dealer Price Estimate,1. Dealer / Individual  Name,LOR Amount,LOR,REPOSSESSION DATE,RideAgain - Date Sold,Final Selling Price,Apr-27 Business Proposal,Repo Aging,2. Dealer Price Estimate,2. Dealer / Individual  Name,3. Dealer Price Estimate,3. Dealer / Individual  Name,Updated Inspection Report,REPOSSESSION MONTH,REDEMPTION PERIOD (Days),Date  received by RideAgain,END OF REDEMPTION PERIOD,FINAL BUYER OF THE UNIT,VEHICLE LOCATION,STATUS OF UNIT,COLLECTION REMARKS,Sales Officer,Sales Manager,Who did the inspection during DD?,Vehicle Status remarks at the time of drawdown,Link to the geotagged photos at the time of drawdown,Date of Last Stock Inspection,Previous Inspection Status,LTV %,Onset of DPD - Dealer Level,IF Business Remarks,Associated Drawdown ID,IF Loan Status,Deficiency,Drawdown Inspection
,AUTO PLANET TRADING PHILS INC.,APT55,Michael John Pineda,,2016,FORD EVEREST AMBIENT,NDU6821,SOLD,Engine in Limp mode/Turbo/supercharger broken/Engine Knocking Problem/ critical engine error as per scanner/AC broken / Driver Side Door cannot be closed,300000,0.5169082126,777467.74,621000,230000,QRA AUTOSALES,-391000,-0.6296296296,45978,,,Go ahead with the 230k; ,298,,DCP,,,ENGINE KNOCKING / BROKEN DOOR DRIVER SIDE / BLOWBY ENGINE / AIRCON PROBLEM,Nov 2025,15,,45993,,RIDE AGAIN - PARANAQUE WAREHOUSE,GOOD RUNNING CONDITION,Parked at Parañaque Warehouse,Rhoyland Alagon,Marah Luriely A. Villaruz,Derick Banaag,99.5% score; unit in good condition. No unusual sound on engine. One click start. No sign of being flooded,">FMV: https://docs.google.com/spreadsheets/d/1HPKJpovhtj1shvUXARehXlejs9JzWZgH/edit?gid=912221614#gid=912221614 
>MARCH 2025: https://drive.google.com/drive/u/0/folders/14VnwleurBMLttDBZc3Wo5cV_jxc0Qswj
>JUNE 2025: UNIT PHOTOS
> SEPT 2025: https://drive.google.com/drive/u/0/folders/1KEftLyfGpQxzPD_LXNKqGxFiGWqHl7aR",45945,Passed,0.7987469679,6th Transaction: Maturity (3 & 8 DPD),"- Car was used 3x (March, June and September) - already had an issue as early as March basis the geotagged photo
- Slow moving car; revisit the policy for repeat car usage"
,AEDEN DCARS CAR AGENT SERVICES,AED1,Anton Belmonte,,2020,NISSAN NV350 URVAN 2.5 MT,NDN9012,ACTIVE LISTING,Not yet parked at Parañaque,,,841027.78,588000,NA,NA,,,46003,,,,273,NA,NA,NA,NA,NA,Dec 2025,15,,46018,,MJO CAR TRADING'S SHOWROOM,BAD CONDITION,"Unit has a brake problem, parked at MJO Dealer",,,,,,,,,,,,,,UNIT PHOTOS
,ALTUS CARS FINANCIAL CONSULTANCY SERVICES,ALT43,Anton Belmonte,,2017,MITSUBISHI L300 DELUXE CC VAN,NAU7161,ACTIVE LISTING,Dilapidated Unit /Can only be scrapped,Scrap if not repaired,,444864,297000,No offers,NA,,,45994,,,,282,NA,NA,NA,NA,NA,Dec 2025,15,,46009,,D 3RD AUTODISPLAY AUTO SHOP' SHOWROOM,BAD CONDITION,Parked at D3rd Dealer in cavite,,,,,,,,,,,,,,UNIT PHOTOS 2017 MITSUBISHI L300 DELUXE CC_MVIR.pdf
,ARRONDAVIS AUTO TRADING,ARR70,Anton Belmonte,,2010,SUBARU IMPREZA 2.0R-S,NQZ435,SOLD,Engine shuts randomly/Overheat Issue / Radiator Problem,100000,0.6591683708,408183.15,293400,100000,QRA AUTOSALES,-193400,-0.6591683708,46009,,,Go ahead with the 100k; LOR will be recovered through excess NB proceeds,267,80000,DCP,,,Blowby + Overheating,Dec 2025,15,,46024,,RIDE AGAIN - PARANAQUE WAREHOUSE,BAD CONDITION,Unit has a radiator problem; parked at parañaque warehouse,Rose Batacan,Malou Alfonso,Emmanuel ,Selfie w/ the unit only; no flagged issue on the vehicle,https://drive.google.com/drive/u/0/folders/12ApVpcNbErjqoZfpXzbhWjYUL8112B5_ / https://docs.google.com/spreadsheets/d/1wsxUEnWso7dV3HJLFvE6NPCcElsCYszg/edit?gid=1199615833#gid=1199615833,,No Inspection Yet,0.7986610912,,One time DD,,,,UNIT PHOTOS
,J8 CAR TRADING,JCT3,Michael John Pineda,,2018,TOYOTA AVANZA 1.5G AT,NAY7885,SOLD,Break Master Problem (For Replacement) Improvised Plate Numbers,250000,0.265138154,641164.84,340200,350000,,9800,,46020,46095,350000,,75,,,,,,Dec 2025,15,,46035,,RIDE AGAIN - PARANAQUE WAREHOUSE,GOOD RUNNING CONDITION,Parked at Parañaque Warehouse,,,,,"March: 2018 TOYOTA AVANZA 1.5G_NAY7885
June: DRAWDOWN REQUEST AS OF JUNE 26 2025
September: DRAWDOWN REQUEST AS OF SEPT 09 2025",,,,,"3x DD (March, June, September)",,Closed,9800,UNIT PHOTO 
,JKARS CAR TRADING,JKAR20,Michael John Pineda,,2018,SUBARU FORESTER 2.0i-L AT,NAJ1658,ACTIVE LISTING,Minor Scratches / MIX OIL AND WATER AT RADIATOR AND RESERVED,300000,,606052.63,485000,No offers,,,,46034,,,"Continue to get a quote for the next 7 days; In parallel, we will require an inspection report so we can revert to the dealer and request redemption of these units; otherwise, we will proceed with recovery through litigation.",242,,,,,CAM SHAFT ISSUE / RANDOM ENGINE KNOCKING,Jan 2026,15,,46049,,RIDE AGAIN - PARANAQUE WAREHOUSE,GOOD RUNNING CONDITION,Parked at Parañaque Warehouse,Rhoyland Alagon,Marah Luriely A. Villaruz,Benjo,Selfie w/ the unit only; no flagged issue on the vehicle,https://drive.google.com/drive/u/0/folders/1u0cXtIcAYlK3O4xkipDFsHlKUYq9A5BS,,No Inspection Yet,0.7993551421,4th Transaction: Renewal 1 (6 DPD),One time DD
,JKARS CAR TRADING,JKAR18,Michael John Pineda,,2010,LAND ROVER RANGE ROVER HSE,NIN688,SOLD,Air Suspension Problem / Major Break Problem / Interior non-usable/all screens burnt/500k to make sellable,400000,0.6638655462,1488700,1190000,300000,QRA AUTOSALES,-890000,-0.7478991597,46034,,,"Liquidate at 300k; In parallel, we will require an inspection report so we can revert to the dealer and request redemption of the unit (this is a personal unit from the dealer); otherwise, we will proceed with recovery through litigation.",242,,,,,AIR SUSPENSION PROBLEM / DELAPIDATED INTERIOR / BREAK PROBLEM,Jan 2026,15,,46049,,RIDE AGAIN - PARANAQUE WAREHOUSE,GOOD RUNNING CONDITION,Parked at Parañaque Warehouse,Rhoyland Alagon,Marah Luriely A. Villaruz,Benjo,Selfie w/ the unit only; no flagged issue on the vehicle,https://drive.google.com/drive/u/0/folders/1806qgGn_IENgs8RDrsGIZC8Ptjivijmi,,No Inspection Yet,0.8002605318,,One time DD
,LINIS SIKAT CARWASH & ACCESSORIES,LSC38,Anton Belmonte,,2013,TOYOTA FORTUNER 4X2 AT,UPO157,SOLD,,,,597739.36,432000,sold,,,,46030,,,,246,,,,,,Jan 2026,15,,46045,RIDE AGAIN,N/A,GOOD RUNNING CONDITION,sold,,,,,,,,,,,,Closed
,LINIS SIKAT CARWASH & ACCESSORIES,LSC42,Anton Belmonte,,2018,HONDA CITY,DAH4066,SOLD,,,,500055.56,360000,sold,,,,46030,,,,246,,,,,,Jan 2026,15,,46045,RIDE AGAIN,N/A,GOOD RUNNING CONDITION,sold,,,,,,,,,,,,Closed
,NEO'S AUTO TRADING,N/A,Anton Belmonte,,2015,HYUNDAI GRAND STAREX,NDU9033,SOLD,Fuse Problem / Hazard Button Not Working / Signal Lights Not Working/hearse car,410000,,720636.36,-,245000,,,,46031,46096,245000,,65,,,,,Engine blowby / cascket roller installed inside the unit,Jan 2026,15,,46046,,RIDE AGAIN - PARANAQUE WAREHOUSE,GOOD RUNNING CONDITION,Unit is not IF-collateralized; surrendered as a replacement for the missing original collateral; Pending ORCR (Josepht to confirm from Anton),,,,,,,,,,One time DD,NEO14,Overdue
,ARRONDAVIS AUTO TRADING,N/A,Anton Belmonte,,2002,ISUZU ELF DCAB,WNB745,ACTIVE LISTING,,,,-,-,70000,QRA AUTOSALES,,,46024,,,Proceed with the 100k proposal from DCP,252,100000,DCP,,,POWER STEERING ISSUE / NO AIRCON,Jan 2026,15,,46039,,riDE AGAIN - PARANAQUE WAREHOUSE,GOOD RUNNING CONDITION,Unit is not IF-collateralized; surrendered as a replacement for the missing original collateral. Parked at Paranaque Warehouse,Rose Batacan,Malou Alfonso,,Not IF Collateral
,RENZ PATRICK MOJICA CAR AGENT SERVICES,RPM5,Michael John Pineda,,2012,AUDI A4 2.0 TDI AT,MMM90,ACTIVE LISTING,,,,914389.33,420000,No offers,,,,46048,,,"Continue obtaining a quote for the next 7 days. In parallel, we will require an inspection report so we can revert to the dealer and request redemption of these units; otherwise, we will proceed with recovery through litigation.",228,,,,,CHECK ENGINE / DELAY SHIFTING / DELAY RPM,Jan 2026,15,,46063,,RIDE AGAIN - PARANAQUE WAREHOUSE,GOOD RUNNING CONDITION,Parked at Parañaque Warehouse,Elvira Ladea,Marah Luriely A. Villaruz,Benjo,Selfie w/ the unit only; no flagged issue on the vehicle,"August DD: DRAWDOWN REQUEST AS OF AUG 11 2025
November DD: DRAWDOWN REQUEST AS OF NOV 11 2025",,No Inspection Yet,0.4593229451,,"2x DD (August, November)"
,RENZ PATRICK MOJICA CAR AGENT SERVICES,RPM6,Michael John Pineda,,2016,SUBARU WRX 2.0 CVT,130110/AEA15,SOLD,,,,999000,800000,400000,9188 cars exchange,-400000,-0.5,46048,,,"Continue obtaining a quote for the next 7 days (since the car only has minor issue, can still be sold at a higher price). In parallel, we will require an inspection report so we can revert to the dealer and request redemption of these units; otherwise, we will proceed with recovery through litigation.",228,,,,,LEFT SIDE SKIRT DAMAGED / DELAY RPM,Jan 2026,15,,46063,,RIDE AGAIN - PARANAQUE WAREHOUSE,GOOD RUNNING CONDITION,Parked at Parañaque Warehouse,Elvira Ladea,Marah Luriely A. Villaruz,Benjo,Selfie w/ the unit only; no flagged issue on the vehicle,https://drive.google.com/drive/u/0/folders/1lu4fD3FdER4cRdwgqZnQvxUWYD57rGU2,,No Inspection Yet,0.8008008008,,One time DD,,Closed,-800000
,RENZ PATRICK MOJICA CAR AGENT SERVICES,RPM4,Michael John Pineda,,2024,SUBARU CROSSTREK 2.0L AT,NHN7095,ACTIVE LISTING,FLOODED UNIT/DEAD unit,scrap if not repaired,,1598400,990000,No offers,,,,46052,,,"Continue obtaining a quote for the next 7 days. In parallel, we will require an inspection report so we can revert to the dealer and request redemption of these units; otherwise, we will proceed with recovery through litigation.",224,,,,,Flooded total loss.TPT report shared,Jan 2026,15,,46067,,RIDE AGAIN - PARANAQUE WAREHOUSE,BAD CONDITION,"For Redemption,Parked at Parañaque Warehouse",Elvira Ladea,Marah Luriely A. Villaruz,Benjo,Selfie w/ the unit only; no flagged issue on the vehicle,https://drive.google.com/drive/u/0/folders/1RNrooi7095FRalK9kRvqmnO5SKHoZcJP,,No Inspection Yet,0.6881881882,4th Transaction: Renewal 2 (108 DPD),One time DD,,,,UNIT PHOTOS
,PRINCE CAR TRADING,PCT9,Bernard Gombio,,2019,NISSAN NAVARA 2.5-L EL CALIBRE AT,NEA4405,ACTIVE LISTING,Clutch Lining Problem,530000,0.6591683708,745799.17,600000,350000,Jose Halili,-250000,-0.4166666667,46056,,,"Go ahead with the 350k for the unit; In parallel, we will require an inspection report so we can revert to the dealer and request redemption of the unit",220,,,,,TRANSMISSION PROBLEM,Feb 2026,15,,46071,,RIDE AGAIN - PARANAQUE WAREHOUSE,GOOD RUNNING CONDITION,"For Redemption, Parked at Parañaque Warehouse",Zhesa Resurrecion,Albert Dalupang,Emmanuel,Selfie w/ the unit only; no flagged issue on the vehicle,https://drive.google.com/drive/u/0/folders/1RNrooi7095FRalK9kRvqmnO5SKHoZcJP,46034,Unvalidated Unit Presence,0.8045061246,,One time DD,,,,UNIT PHOTO 
,BRAVOCARS AUTO TRADING			,BAT3,Bernard Gombio,,2022,SUZUKI DZIRE GL AMT,NET8884,SOLD,,,,501349.12,263250,250000,Namnam,-13250,,46063,46063,250000,,0,,,,,"Broken taillight ,break not functioning",Feb 2026,No plan to redeem,,No plan to redeem,,RIDE AGAIN - PARANAQUE WAREHOUSE,GOOD RUNNING CONDITION,Parked at Parañaque Warehouse,,,,,,,,,,One time DD,,Overdue,-13250
,ZSM LOGISTICS SERVICES			,N/A,Michael John Pineda,,2017,FORD ECOSPORT 5DR TR,NAG9851,ACTIVE LISTING,,,,-,-,120000,QRA AUTOSALES,,,46065,,,This is a replaced unit; O/S on the original collateral of 340k,211,140000,9188Auto Exchange,,,ENGINE SQUEEKING / TRANSMISSION JERKING,Feb 2026,15,,46080,,RIDE AGAIN - PARANAQUE WAREHOUSE,GOOD RUNNING CONDITION,Unit is not IF-collateralized; surrendered as a replacement for the missing original collateral. parked at paranaque warehouse ,Elvira Ladea,Marah Luriely A. Villaruz,,Not IF Collateral,,,,,First Transaction: Renewal 1 (6 DPD)
,PRINCE CAR TRADING,PCT10,Bernard Gombio,,2019,HYUNDAI ACCENT 1.4 GL MT,NFW 4126,ACTIVE LISTING,,,,354348.15,285000,160000,Namnam,-125000,-0.4385964912,46071,,,"Go ahead with the 160k for the unit; In parallel, we will require an inspection report so we can revert to the dealer and request redemption of the unit",205,,,,,No major .. Freon leak,Feb 2026,15,,46086,,RIDE AGAIN - PARANAQUE WAREHOUSE,GOOD RUNNING CONDITION,Parked at Parañaque Warehouse,Zhesa Resurrecion,Albert Dalupang,Emmanuel,(unable to check selfie / inspection in SFA),"October 2024 via Jayjay: 2019 HYUNDAI ACCENT GL_NFW4126
November 2025: DRAWDOWN REQUEST AS OF NOV 27 2025",46034,Unvalidated Unit Presence,0.8042937433,3rd Transaction: Renewal 1 (6 DPD),2x DD (Oct 2024 via Jayjay; Nov 2025 via Prince Car)
,JJM AUTO CARE SERVICES,JJM4,Michael John Pineda,,2011,BMW 318I,PQM101,ACTIVE LISTING,,,,507083.49,355000,No offers,,,0,46072,,,,204,,,,,CHECK ENGINE / HARD STARTING / REPAIRED REMOTE KEY/Battery dead,Feb 2026,15,,46087,,RIDE AGAIN - PARANAQUE WAREHOUSE,GOOD RUNNING CONDITION,Parked at Parañaque Warehouse,Rhoyland Alagon,Marah Luriely A. Villaruz,Benjo,(unable to check selfie / inspection in SFA),https://drive.google.com/drive/u/0/folders/17MXcQ1HIO5-41x6hmm7BndlaGMv2T8Io,,No Inspection Yet,0.700081953,4th Transaction: Renewal 1 (52 DPD),One time DD
,PAULO AND DANNA AUTO TRADING,PAD31,Anton Belmonte,,2012,TOYOTA VIOS 1.3 G AT,UOG 763,SOLD,,,,373909.09,299000,185000,,-114000,-0.381270903,46076,46137,185000,,61,,,,,rear bumper / transmission jerking / ,Feb 2026,No plan to redeem,,No plan to redeem,,RIDE AGAIN - PARANAQUE WAREHOUSE,GOOD RUNNING CONDITION,Parked at Parañaque Warehouse,,,,,"Jan: 2012 TOYOTA VIOS G AT_UOG763
Feb: 2012 TOYOTA VIOS G AT_UOG763
March: 2012 TOYOTA VIOS G AT_UOG763
April: 2012 TOYOTA VIOS G AT_UOG763
June: DRAWDOWN REQUEST AS OF JUNE 18 2025
July: DRAWDOWN REQUEST AS OF JULY 15 2025
August: DRAWDOWN REQUEST AS OF AUG 15 2025
November: DRAWDOWN REQUEST AS OF NOV 19 2025",,,,,"8x DD (Jan, Feb, Mar, Apr, June, July, Aug, Nov)",,Closed,-114000
,PAULO AND DANNA AUTO TRADING,PAD36,5,,2014,HYUNDAI GRAND STAREX GL,AAM 6439,SOLD,,,,665428.57,532000,245000,,-287000,,46077,46137,245000,,60,,,,,Engine Blowby/Loss of power/electrical issue/rear door exhaust problem,Feb 2026,No plan to redeem,,No plan to redeem,,RIDE AGAIN - PARANAQUE WAREHOUSE,GOOD RUNNING CONDITION,Parked at Parañaque Warehouse,,,,,,,,,,,,Closed,-287000
,PAULO AND DANNA AUTO TRADING,PAD32,Anton Belmonte,,2016,HYUNDAI i10 1.1 GL M/T - F,ABQ7365,SOLD,,,,186994.36,150000,80000,,-70000,,46086,46137,80000,,51,,,,,Repainted body broken windsheild/Aircon/Broke down mid way,Mar 2026,No plan to redeem,,No plan to redeem,,RIDE AGAIN - PARANAQUE WAREHOUSE,GOOD RUNNING CONDITION,Parked at Parañaque Warehouse,,,,,,,,,,,,Overdue,-70000
,PAULO AND DANNA AUTO TRADING,PAD30,Anton Belmonte,,2011,NISSAN URVAN VX,UVW718,ACTIVE LISTING,,,,338625,270000,No offers,,#VALUE! (Function MINUS parameter 1 expects number values. But 'No offers' is a text and cannot be coerced to a number.),,46090,,,,186,,,,,Taxi unit,Mar 2026,No plan to redeem,,No plan to redeem,,RIDE AGAIN - PARANAQUE WAREHOUSE,GOOD RUNNING CONDITION,Parked at Parañaque Warehouse,Myrnalyn Bankingkito,Malou Alfonso,Randy,Unit is in good running condition. Minimal scratches and dents,https://drive.google.com/drive/u/0/folders/1TPM9_cBTtR-S4KXAkN1xE70LRBdNfEI-,,No Inspection Yet,0.7973421927,6th Transaction: Maturity (4 & 2 DPD)
,PAULO AND DANNA AUTO TRADING,PAD 33,Anton Belmonte,,2016,HYUNDAI i10 1.1 GL M/T - F,ABQ7370,SOLD,,,,186994.36,150000,100000,,-50000,,46090,46137,100000,,47,,,,,Aircon /Repainted.powerwindow Nf,Mar 2026,No plan to redeem,,No plan to redeem,,RIDE AGAIN - PARANAQUE WAREHOUSE,GOOD RUNNING CONDITION,Parked at Parañaque Warehouse,,,,,,,,,,,,Closed,-50000
,IJ CAR AGENT SERVICES,IJCA1,Michael John Pineda,,2019,TOYOTA VIOS 1.3 E AT,NEI3636,FOR REDEMPTION,,,,464267,271800,,,,,46093,,,,183,,,,,,Mar 2026,15,,46108,,MJO CAR TRADING'S SHOWROOM,GOOD RUNNING CONDITION,"the repo unit has already been redeemed. Paid March 12, 2026"
,RENZ PATRICK MOJICA CAR AGENT SERVICES,N/A,Michael John Pineda,,2011,KIA CARENS,,,,,,-,-,No Offers,,,,46093,,,,183,,,,,Engine overheating/15 year old dead stock,Mar 2026,No plan to redeem,,,,RIDE AGAIN - PARANAQUE WAREHOUSE,GOOD RUNNING CONDITION,Unit is not IF-collateralized; surrendered as a replacement for the missing original collateral. parked at Paranaque warehouse
,FMB CAR TRADING,FMB4,Anton Belmonte,,2016,NISSAN NV350 URVAN,NDF7889,SOLD,,,,743725,595000,,,,,46105,,,,171,,,,,,Mar 2026,15,,46129,,RIDE AGAIN - PARANAQUE WAREHOUSE,GOOD RUNNING CONDITION,Parked at Parañaque Warehouse,,,,,,,,,,,,Closed,-595000
,FMB CAR TRADING,FMB9,Anton Belmonte,,2017,MITSUBISHI ADVENTURE  GLX 2 M.T,NCV3973,ACTIVE LISTING,,,,487795.74,390000,200000,Freddy jalova,-190000,-0.4871794872,46105,,,,171,,,,,Freon,Mar 2026,15,,46129,,RIDE AGAIN - PARANAQUE WAREHOUSE,GOOD RUNNING CONDITION,Parked at Parañaque Warehouse,Myrnalyn Bankingkito,Malou Alfonso,Randy,Selfie w/ the unit only; no flagged issue on the vehicle,https://drive.google.com/drive/u/0/folders/1_jGKWTBtbveK1QiNUd__zqnLGOgTQn2q,46079,Passed,0.7995149773,First Transaction: Renewal 2 (11 DPD)
,D 3RD AUTODISPLAY AUTO SHOP,DRD 166,Bernard Gombio,,2010,HYUNDAI TUCSON THETA II,PRO478,ACTIVE LISTING,,,,347741,278000,No offers,,#VALUE! (Function MINUS parameter 1 expects number values. But 'No offers' is a text and cannot be coerced to a number.),,46105,,,,171,,,,,Freon,Mar 2026,15,,46129,,RIDE AGAIN - PARANAQUE WAREHOUSE,GOOD RUNNING CONDITION,Parked at Parañaque Warehouse,Zhesa Resurrecion,Albert Dalupang,Zhesa,Selfie w/ the unit only; no flagged issue on the vehicle,https://drive.google.com/drive/u/0/folders/13XHrvPwo2NpZq1YDEez3nxeLy3h085mq / https://drive.google.com/drive/u/0/folders/1pvj1umuYLvzOr-C8J5jYm_B81s5P8-sG,46092,Passed,0.7994461621
,D 3RD AUTODISPLAY AUTO SHOP,DRD 168,Bernard Gombio,,2012,HYUNDAI TUCSON R-EVGT 2,VFG740,ACTIVE LISTING,,,,440042,348000,100000,presley DCP,-248000,-0.7126436782,46105,,,,171,,,,,Towed unit/transmission failure,Mar 2026,15,,46129,,RIDE AGAIN - PARANAQUE WAREHOUSE,BAD CONDITION,Parked at Parañaque Warehouse,Zhesa Resurrecion,Albert Dalupang,Zhesa,Selfie w/ the unit only; no flagged issue on the vehicle,https://drive.google.com/drive/u/0/folders/1rdYMu9ubjsJxQkm5qvYP_bK_yPLmqCuE,46092,Passed,0.7908336022
,AUTOVENTURES CAR DISPLAY CENTER,N/A,Anton Belmonte,First Trigon Recovery Solutions Inc.,2021,Toyota Vios XLE CVT,DAP1475,ACTIVE LISTING,,,,500000,,No offers,,,,46106,,,,170,,,,,airbag indicator seen on dashboard,46082,15,,46121,,RIDE AGAIN - PARANAQUE WAREHOUSE,GOOD RUNNING CONDITION,The unit is not IF-collateralized and was surrendered as a temporary replacement. Parked at Parked at Parañaque Warehouse; Pending ORCR,Marlon Llamas,Albert Dalupang,,Not IF Collateral
,PAULO AND DANNA AUTO TRADING,N/A,Anton Belmonte,,2018,Mitsubishi Strada ,CAP1721,SOLD,,,,-,,530000,,530000,,46108,46137,530000,,29,,,,,,46082,No plan to redeem,,,,RIDE AGAIN - PARANAQUE WAREHOUSE,GOOD RUNNING CONDITION,Unit is not IF-collateralized; surrendered as a replacement for the missing original collateral. parked at Paranaque warehouse,,,,,,,,,,,PAD37,Overdue,530000
,BOUNTIFUL GRACE CAR TRADING,BGC7,Anton Belmonte,First Trigon Recovery Solutions Inc.,2016,Ford Everest Titatium,RBY08,ACTIVE LISTING,,,,743871,420000,180000,DCP,-240000,-0.5714285714,46113,,,,163,150000,DALE BACKYARD,160000,IAN BACKYARD,Towed unit/Engine dead,46113,No plan to redeem,,46136,,RIDE AGAIN - PARANAQUE WAREHOUSE,BAD CONDITION(The Ford unit is experiencing overheating.),Parked at Parañaque Warehouse,Rose Batacan,Malou Alfonso,Randy,Selfie w/ the unit only; no flagged issue on the vehicle,https://drive.google.com/drive/u/0/folders/1sQoJjb2vR1IvY3w8oPXIF002JaWuhgh-,46001,Passed,0.564614375,First Transaction: Renewal 2 (18 DPD)
,MJO CAR TRADING,MJO 246,Michael John Pineda,,2016,PEUGEOT 308 16E,NAF7658,ACTIVE LISTING,,,,532761,370000,No offers,,#VALUE! (Function MINUS parameter 1 expects number values. But 'No offers' is a text and cannot be coerced to a number.),,46120,,,,156,,,,,Check engine and warning signals/Aircon,46113,No plan to redeem,,,,RIDE AGAIN - PARANAQUE WAREHOUSE,GOOD RUNNING CONDITION,Parked at Parañaque Warehouse,Elvira Ladea,Marah Luriely A. Villaruz,Benjo,Selfie w/ the unit only; no flagged issue on the vehicle,https://drive.google.com/drive/u/0/folders/1p3PFBkmsZTBCT3xEQhI-R8GP7aEr1PmL,46135,Failed,0.6944946545
,MJO CAR TRADING,MJO 221,Michael John Pineda,,2019,HYUNDAI H100 2.5 CRDI G,DAL8557,ACTIVE LISTING,,,,373215,121500,No offers,,#VALUE! (Function MINUS parameter 1 expects number values. But 'No offers' is a text and cannot be coerced to a number.),,46120,,,,156,,,,,Towed unit/Engine dead,46113,No plan to redeem,,,,RIDE AGAIN - PARANAQUE WAREHOUSE,BAD RUNNING CONDITION,The unit is experiencing a battery issue.Parked at Parañaque Warehouse,Elvira Ladea,Marah Luriely A. Villaruz,Benjo,Selfie w/ the unit only; no flagged issue on the vehicle,https://drive.google.com/drive/u/0/folders/1MrsZ1vxcGJ9w9lnn2HnKRrIsjMepaC91,,No Inspection Yet,0.4019126649
,MJO CAR TRADING,N/A,Michael John Pineda,,2011,TOYOTA AVANZA 1.3 G MT,PKO589,ACTIVE LISTING,,,,-,-,75000,ian backyard ,,,46120,,,,156,95000,aldrich backyard ,,,Ex Taxi,46113,No plan to redeem,,,,RIDE AGAIN - PARANAQUE WAREHOUSE,GOOD RUNNING CONDITION,Unit is not IF-collateralized; surrendered as a replacement for the missing original collateral. parked at Paranaque warehouse,Elvira Ladea,Marah Luriely A. Villaruz,,Not IF Collateral
,D 3RD AUTODISPLAY AUTO SHOP,DRD207,Bernard Gombio,,2024,MITSUBISHI MIRAGE G4 GLX 1.2G MT,KAU3575,FOR REDEMPTION ,,,,575212,460000,,,,,46126,,,,150,,,,,No major fault,46113,15,,46147,,RIDE AGAIN - PARANAQUE WAREHOUSE,GOOD RUNNING CONDITION,Parked at Parañaque Warehouse,Zhesa Resurrecion,Albert Dalupang,Zhesa,Selfie w/ the unit only; no flagged issue on the vehicle,https://drive.google.com/drive/u/0/folders/1WbEn5lm1H_CJSXBidLcQN5n7Mp8TCD-0,46118,Passed,0.7997051522
,RB CARZ CAR TRADING,,Michael John Pineda,First Trigon Recovery Solutions Inc.,2008,CHRYSLER 300C ,ZNJ 300,FOR REDEMPTION ,,,,,,,,,,46130,,,,146,,,,,Transmission Fault,46113,15,,46149,,RIDE AGAIN - PARANAQUE WAREHOUSE,GOOD RUNNING CONDITION,"The unit is not IF-collateralized. It was surrendered as a replacement for the RCC3 Drawdown ID, as the original collateral is currently under repair in Pampanga. The unit is presently parked at the Parañaque warehouse.",Elvira Ladea,Marah Luriely A. Villaruz,,Not IF Collateral,,,,,First Transaction: FInal Maturity (12 DPD)
,D 3RD AUTODISPLAY AUTO SHOP,DRD194,Bernard Gombio,,2016,FORD EVEREST AMBIEN,NCI4000,FOR REDEMPTION ,,,,704396.48,564000,50000,DCP,,,46132,,,,144,,,,,Low power /Clutch dead,46113,15,,46153,,RIDE AGAIN - PARANAQUE WAREHOUSE,GOOD RUNNING CONDITION,Parked at Parañaque Warehouse,Zhesa Resurrecion,Albert Dalupang,Zhesa,Selfie w/ the unit only; no flagged issue on the vehicle,https://drive.google.com/drive/u/0/folders/1Ol4yZZBdkYfPKX_Vjt73kSFLe8kl7brn,46119,Unvalidated Unit Presence,0.8006854322
,IJ CAR AGENT SERVICES,N/A,Michael John Pineda,First Trigon Recovery Solutions Inc.,2005,BMW 118I,XTU 773,FOR REDEMPTION ,,,,,,,,,,46132,,,,144,,,,,Dashboard dead /Steering dead,46113,15,,46153,,RIDE AGAIN - PARANAQUE WAREHOUSE,GOOD RUNNING CONDITION,"The unit is not IF-collateralized. It was surrendered as a replacement for the IJCA1Drawdown ID, as the original collateral is currently under repair in Pampanga. The unit is presently parked at the Parañaque warehouse.",Elvira Ladea,Marah Luriely A. Villaruz,,Not IF Collateral,,,,,First Transaction: Renewal 2 (20 DPD)
,MJO CAR TRADING,MJO243,Michael John Pineda,First Trigon Recovery Solutions Inc.,2016,NISSAN NV350 URVAN,130101/NAB9111,NO PLAN TO REDEEM,,,,509563.01,407000,,,,,46134,,,,142,,,,,,46113,,,,,RIDE AGAIN - PARANAQUE WAREHOUSE,GOOD RUNNING CONDITION,Parked at Parañaque Warehouse
,K2P AUTO TRADING,KPA23,Michael John Pineda,,2019,SUBARU FORESTER 2.0i-S,NBO5371,REDEEMED ,,,,717787,517500,,,,,46135,,,,,,,,,,46113,15,,46156,,"Parked at Constantino Parking on Kalayaan Ave, Quezon City",GOOD RUNNING CONDITION,"Parked at Constantino Parking on Kalayaan Ave, Quezon City",Elvira Ladea,Marah Luriely A. Villaruz,Benjo,Selfie w/ the unit only; no flagged issue on the vehicle,https://drive.google.com/drive/u/0/folders/1bQ48ZUimPx-9QWrlylD-gsLAKv8E7Vq5,,No Inspection Yet,0.8010732989
,K2P AUTO TRADING,KPA25,Michael John Pineda,,2025,MITSUBISHI XPANDER CROSS 1,LAO5294,REDEEMED ,,,,1153864.29,923000,,,,,46135,,,,,,,,,,46113,15,,46156,,"Parked at Constantino Parking on Kalayaan Ave, Quezon City",GOOD RUNNING CONDITION,"Parked at Constantino Parking on Kalayaan Ave, Quezon City",Elvira Ladea,Marah Luriely A. Villaruz,Elvira,Selfie w/ the unit only; no flagged issue on the vehicle,https://drive.google.com/drive/u/0/folders/1tfQS2s8Mw_ePTOPWx7UoSX4GB6bS5C-Q,,No Inspection Yet,0.7999207602
,K2P AUTO TRADING,KPA28,Michael John Pineda,,2025,TOYOTA VIOS 1.3 XLE CVT,CCK2044,REDEEMED ,,,,713692.86,273900,,,,,46135,,,,,,,,,,46113,15,,46156,,"Parked at Constantino Parking on Kalayaan Ave, Quezon City",GOOD RUNNING CONDITION,"Parked at Constantino Parking on Kalayaan Ave, Quezon City",Elvira Ladea,Marah Luriely A. Villaruz,Benjo,Selfie w/ the unit only; no flagged issue on the vehicle,https://drive.google.com/drive/folders/1EtaPzJgAL8TvE7abTk5RTntpzGcSxtEE,,No Inspection Yet,0.3837785346
,Y2KAR-CAR TRADING,YCT11,Anton Belmonte,,2013,HYUNDAI GRAND STAREX GL,WUI264,FOR REDEMPTION,,,,456959,365500,,,,,46140,,,,,,,,,,46113,15,,46155,,RIDE AGAIN - PARANAQUE WAREHOUSE,BAD RUNNING CONDITION,"The unit overheated while en route to the warehouse, but it was still towed to ensure delivery to the warehouse. "
,ARRONDAVIS AUTO TRADING,ARR68,Anton Belmonte,,2017,FORD EVEREST TITANIUM 2.2 AT,040101/DAB1152,FOR REDEMPTION ,,,,737912.65,531000,,,,,46154,,,,,,,,,,46143,15,,46169,,RIDE AGAIN - PARANAQUE WAREHOUSE,GOOD RUNNING CONDITION,Parked at Parañaque Warehouse
,ALLEN MOTORKEE & AUTO TRADING,AMA6,Bernard Gombio,,2015,MITSUBISHI MIRAGE G4 GLS 1,ABI9831,FOR REDEMPTION,,,,279908.84,202500,,,,,46156,,,,,,,,,,46143,15,,46171,,RIDE AGAIN - PARANAQUE WAREHOUSE,GOOD RUNNING CONDITION,Parked at Parañaque Warehouse
,JEMM CAR TRADING,JEM107,Anton Belmonte,,2025,HYUNDAI STARGAZER 1.5 GLS,GBF3628,FOR REDEMPTION,,,,889488.24,711500,,,,,46157,,,,,,,,,,46143,30,,46188,,RIDE AGAIN - PARANAQUE WAREHOUSE,GOOD RUNNING CONDITION,Parked at Parañaque Warehouse
,NXGEN CAR TRADING,NXGEN32,Anton Belmonte,,2022,HYUNDAI H100 2.5 CRDI G,NEQ4554,FOR REDEMPTION,,,,784574,484050,,,,,46157,,,,,,,,,,46143,30,,46188,,RIDE AGAIN - PARANAQUE WAREHOUSE,GOOD RUNNING CONDITION,Parked at Parañaque Warehouse
,NXGEN CAR TRADING,NXGEN33,Anton Belmonte,,2025,HYUNDAI STARGAZER 1.5G,HAH5923,FOR REDEMPTION,,,,500000,450000,,,,,46157,,,,,,,,,,46143,30,,46188,,RIDE AGAIN - PARANAQUE WAREHOUSE,GOOD RUNNING CONDITION,Parked at Parañaque Warehouse